Query_ID,Query_Text,Department,Priority_Label
3906,"Where can I find information about the university's graduation ceremony, including dates and times?",Administration,Low
7020,Tuition portal rejects credit card payment.,Finance Office,High
6709,the payment portal keeps giving me error 404 and today is the last day for the early bird tuition discount. i dont want to pay extra.,Finance Office,High
5087,how to submit general administrative feedback,Administration,Low
1570,is there any way to change my major from art to engineering? i decided that i want to build things instead.,Academic Office,Medium
897,"I am unable to access the course registration portal, and my window for enrollment closes in 90 minutes. I have already cleared my cache.",IT Support,High
6932,The laundry machines in South Hall are all full. Is there any other place I can do my laundry?,Student Housing,Low
6774,room key card reader takes multiple swipes,Student Housing,Medium
2789,There's a weird buzzing sound coming from the wall outlet in my room. It seems like it could be a fire hazard.,Student Housing,High
1718,the admission site crashed as i was entering my credit card for the deposit. the offer expires in 15 minutes. help!!,Admissions,High
2659,course registration page loads slowly sometimes,Academic Office,Medium
8247,documents needed for admission?,Admissions,Low
5271,I'm having trouble with the online portal for my student housing application.,Student Housing,Medium
6273,I noticed that the light in the library is flickering and it's making it hard to concentrate on my reading.,Library,Low
2025,I'm having trouble with the online portal for my student containerization request account.,IT Support,Medium
2964,the official campus map in the admin building has the wrong building name for the new science center. who do i tell?,Administration,Medium
8162,URGENT!! I missed my financial aid meeting because of a family crisis and now my package is showing as zero. Registration is tomorrow.,Finance Office,High
2834,I would like to request a new lock for my dorm room because my current one is very difficult to turn.,Student Housing,Medium
6111,is there a way to request a specific room in the dorm or is it first come first served this year? no hurry.,Student Housing,Medium
6684,I am an international student and I'm having trouble with the J-1 visa application process. I need my DS-2019 by tomorrow.,Admissions,High
185,The portal for study abroad applications is showing a database connection error for all students today. deadline is today. i am calm.,Admissions,High
1670,i'm tryin to figure out how to reset my student email password bc i forgot it again. no hurry.,IT Support,Medium
618,i need an override for a class that starts in 1 hour. i am a graduating senior and this is the only section available.,Academic Office,High
224,my password reset link isn't arriving and my online final worth half my grade starts in 20 minutes.,IT Support,High
2157,application review taking longer than expected,Admissions,Medium
3118,how do i request a replacement for my student id card if it's just cracked but still works fine?,Administration,Low
106,There is a massive flood in the basement of the administration building! Water is pouring in from the ceiling!,Administration,High
4805,dorm AC filter replacement request,Student Housing,Medium
281,how do i change the emergency contact listed on my student file? i want to update it to my brother.,Administration,Low
4810,my admission offer was rescinded because of a missing transcript that I already sent three times. i need someone to look at my file now.,Admissions,High
2843,I just received a disciplinary notice for an exam I didn't even take. This is a massive administrative error.,Administration,High
14,i think i lost my keys in the library... has anyone turned them in??,Library,Low
700,recent payment not showing in history,Finance Office,Medium
395,Are study rooms available tonight?,Library,Low
5196,I would like to inquire about the possibility of auditing a course in the Art History department next semester.,Academic Office,Low
8249,i'm interested in the 2029 doctoral program requirements. i know it's early but i like to be prepared.,Admissions,Low
1090,the library's copier is out of toner and i need to make copies for my class.,Library,Low
2290,i am calm but my financial aid refund check was stolen from my mailbox and i need to stop payment on it tonight.,Finance Office,High
484,Is there a way to see my unofficial transcript from five years ago? I'm just curious about my old grades.,Academic Office,Low
2044,library borrowing period question,Library,Low
514,I received an email stating that my financial aid package has been revoked. I need this corrected immediately as my tuition is due tomorrow.,Finance Office,High
934,application verification taking longer than usual,Admissions,Medium
820,URGENT!!!!!!!! i need to know where the laundry room is in block c i have no clean clothes left and i have a date tonight please hurry!!!!!!,Student Housing,Low
1416,how do i change the emergency contact listed on my student file? i want to update it to my mother. thx.,Administration,Low
5127,I need to withdraw from all my classes due to a medical emergency. What is the process to do this today to avoid academic penalty?,Academic Office,High
4365,cannot access exam form closes soon,Academic Office,High
2470,I am a prospective student and I would like to know if you offer any full scholarships for international students.,Admissions,Low
1043,i'm havign trouble with the university's email on my phone it's not syncing any of my new messages.,IT Support,Medium
3099,There is a significant flood in the basement of the West Wing library near the rare manuscripts. We need maintenance immediately.,Library,High
827,I am calm but my financial aid disbursement is missing and i am being threatened with a late fee of $1000 today at 5pm.,Finance Office,High
6436,I noticed that the printer in the study lounge is out of ink. Can someone replace the cartridge?,IT Support,Low
7298,My scholarship was supposed to be disbursed yesterday and I need that money to pay my rent by tomorrow or I'll be evicted.,Finance Office,High
8321,Is there a lost and found for water bottles?,Administration,Low
3250,URGENT PLEASE!! I can't find my financial aid award letter anywhere in the portal and I need to show it to my bank today.,Finance Office,Medium
2622,I noticed that the temperature in the cafeteria is very high today. Is the air conditioning working at all?,Administration,Low
2884,I have a question about the immunization requirements for international students.,Admissions,Low
4934,I need a copy of my 1098-T tax form from two years ago. Is it possible to get this via email?,Finance Office,Low
1780,transcripts uploaded but system shows pending,Admissions,Medium
7926,How can I check the status of my financial aid application?,Finance Office,Low
7808,I would like to inquire about the possibility of living in the honors dorms for the next academic year.,Student Housing,Low
4145,I am locked out of the science lab and my experiment requires cooling every 2 hours or the samples will be lost.,Academic Office,High
4097,I need to know the requirements for the study abroad program in London for next fall.,Academic Office,Low
1356,I am a prospective student and I'm confused about the application requirements for the fine arts program.,Admissions,Low
8578,I require an official transcript to apply for a job.,Administration,Medium
643,The university's network is down and I cannot access my files for my final presentation that starts in 30 minutes. Please fix it now!,IT Support,High
694,How can I check the status of my graduation application?,Administration,Low
8060,The lock on my dorm room is broken and I can't leave my valuables inside because I can't lock the door.,Student Housing,High
3608,There is a massive electrical fire in the basement of the dorm. The smoke is filling the upper floors.,Student Housing,High
749,idk how to cite a tiktok video for my sociology paper... does the library have a guide for that? pls let me know.,Library,Low
3882,exam registration submission failing with deadline approaching,Academic Office,High
530,i'm tryin to find the library's policy on borrowing laptops for the weekend. can i take one home if i sign a waiver?,Library,Medium
8841,finance office scholarship eligibility inquiry,Finance Office,Medium
8873,"Tuition portal issue, payment stuck.",Finance Office,High
3865,I'm looking for the university policy on poster placement. i want to put up flyers for my new club next week. no rush.,Administration,Low
2443,"Tuition statement incorrect, need help ASAP.",Finance Office,High
5272,hi i was sick for my mid term yesterday and i have a doctor note. how do i reschedule it?,Academic Office,Medium
2502,application documents missing just before submission deadline,Admissions,High
6741,I'm having trouble with the online portal for my student cloud computing request account setup.,IT Support,Medium
3704,dorm bulletin board posting rules,Student Housing,Low
471,my roommate is very loud and i can't study. can i get a single room?,Student Housing,Low
5680,my name is misspelled on my final graduation certificate. i need this fixed today so it's ready for the ceremony tomorrow.,Administration,High
2155,HOW DO I PRINT STUFF???? I NEED TO PRINT MY ASSIGNMENT NOW NOW NOW!!!!!!!!,Library,Medium
7583,invoice shows pending fee that was paid,Finance Office,Medium
6117,i'm tryin to find the official university policy on academic integrity. is it in the handbook or on the student website?,Administration,Medium
4447,transcript delivery delayed without notification,Administration,Medium
1128,tuition portal down and payment due today,Finance Office,High
3981,I noticed an overcharge of $150 on my account for a 'Health Insurance Fee' even though I submitted my waiver last month.,Finance Office,Medium
6219,I'm having trouble with the library's online chat service for research assistance.,Library,Low
5292,I'd like to request a change of major. Who should I contact to start the process?,Academic Office,Medium
1359,Official transcript request for scholarship submission.,Administration,Low
61,i need my official transcripts sent to the embassy by tomorrow morning or my student visa will be denied.,Administration,High
5042,my diploma has the wrong major printed on it and i need the corrected version for my job start on monday morning.,Administration,High
316,Someone in my dorm is having a loud party and it's late at night. can someone please help?,Student Housing,Medium
7922,tuition miscalculated and due immediately,Finance Office,High
3285,I would like to know the criteria for the dean's list for the social science major students.,Academic Office,Low
4010,i am calm but i need to report that my bank transfer for the full tuition amount was sent to the wrong university account and the late fee deadline is today.,Finance Office,High
2561,Could you provide the historical tuition rates for the year 1995? I am writing a paper on educational inflation.,Finance Office,Low
4852,I AM SO UPSET!! MY REFUND WAS SENT TO THE WRONG BANK ACCOUNT BECAUSE OF A TYPO IN YOUR SYSTEM!! I NEED THAT MONEY FOR RENT!!,Finance Office,Medium
8779,i'm tryin to figure out how to get a student discount for the local bus pass. do i need a form from the registrar or the student union?,Administration,Low
6486,idk how to find my student id number. i need it to log into the housing portal. help?,IT Support,Low
5051,I would like to request a copy of the university's policy on use of university facilities.,Administration,Low
5486,I'm having trouble with the online course registration. It says I don't have the prerequisites for a class I already took.,Academic Office,Medium
3625,uploaded transcripts not marked as received,Admissions,Medium
42,Someone in my dorm is smoking in their room. It's against the rules and it's affecting my health.,Student Housing,Medium
3661,The door to the study room in the basement of the library is jammed and won't lock from the inside.,Library,Medium
3217,hey can i get a new mattress for my dorm? this one is really uncomfortable and my back hurts every morning.,Student Housing,Medium
1348,the sink in room 302 is totally overflowin and there's water everywhere in the hall. pls send someone now.,Student Housing,High
3294,I am getting an error code 403 when trying to access the library's digital resources from off-campus.,Library,Medium
5514,i need to report that my password was changed without permission and i cannot access my final project.,IT Support,High
2791,I noticed that the carpet in my dorm room is coming up at the edges. It's a bit of a tripping hazard.,Student Housing,Low
8281,where to request transcript?,Administration,Low
1000,my window was smashed from the outside and i am on the ground floor. i dont feel safe sleeping here tonight.,Student Housing,High
6818,The library's main database is down and I cannot access the sources for my bar exam preparation which is in two days.,Library,High
3284,Portal crashed submitting homework.,IT Support,High
3619,My student ID works for the library but won't open the door to the 24-hour computer lab. Can you check my permissions?,IT Support,Medium
3999,"the university's background check service is reporting that i have a criminal record, which is a complete error. i will lose my job offer tonight.",Administration,High
4845,hi id like to know if the admissions office has any spare tote bags from the open house last month?,Admissions,Low
5389,the financial aid portal is returning a 500 server error and the deadline for my tuition waiver is in one hour. i've tried three browsers.,IT Support,High
304,"The bursar's office is showing a $1,000 late fee on my account even though i paid early. registration for graduation is today.",Finance Office,High
8612,The library's digital book reader app is crashing every time I try to open my assigned reading for English 101.,Library,Medium
60,HELP ASAP!! I THINK THE LIBRARY LIBRARIAN LOST MY RESERVED BOOK!! I NEED IT TO STUDY FOR MY FINALS NEXT WEEK I AM DYING!!,Library,Medium
400,I'M SO STRESSED!! I SUBMITTED MY APPLICATION 5 MINUTES AFTER THE DEADLINE BECAUSE THE SITE CRASHED!! WILL I BE CONSIDERED??,Admissions,Medium
54,i am having trouble with my university email account. i'm not receiving any emails from my professors.,IT Support,High
57,"I would like to request an official transcript for my internship application, but there is no rush as the deadline is in three weeks.",Academic Office,Low
5062,application portal resets form inputs unexpectedly,Admissions,Medium
6438,the system crashed while i was clicking submit for my final thesis. the deadline was 2 minutes ago. check the logs please.,IT Support,High
151,OMG SOMEONE HELP I LOST MY FAVORITE SCARF NEAR THE CAFETERIA PLEASE TELL ME IF ANYONE FOUND IT IT WAS A GIFT FROM MY GRANNY!!!!!,Administration,Low
5646,The university's system for processing graduation clearances is down and i need my verification for a job starting tomorrow morning at 9am.,Administration,High
6452,Is there a specific form I need to fill out if I want to live in the graduate student housing next year?,Student Housing,Low
1993,I smell something burning in the wall behind my radiator. The wall is hot to the touch.,Student Housing,High
1294,hello i need to know if the library has the latest version of the apa manual im very worried about my bibliography please let me know right away!!!!!,Library,Low
2106,System crashed while submitting homework.,IT Support,High
1577,I'm having a hard time logging into the library's remote database from off-campus. It keeps saying my credentials are invalid.,Library,Medium
1247,my financial aid refund check was stolen from my mailbox and i need to stop payment on it before it is cashed tonight.,Finance Office,High
1025,I REALLY NEED TO KNOW RIGHT NOW IF THE CAFETERIA IS GOING TO HAVE TACOS NEXT TUESDAY OR I WILL DIE!!!,Administration,Low
30,"The university's portal for study abroad applications is showing a 'database connection error' for all students today, and the deadline is in 4 hours.",Admissions,High
523,"hey, is there any way to get a list of all the alumni who work in the fashion industry? no rush.",Admissions,Low
527,I am writing to request a formal investigation into a grade I received. I believe there has been a calculation error in my final physics average.,Academic Office,Medium
8190,I need help with my application for a student scholarship for students in computer science.,Finance Office,Low
5826,finance office payment plan clarification,Finance Office,Medium
8094,Portal crashed submitting assignment today.,IT Support,High
3233,student housing maintenance ticket partially acknowledged,Student Housing,Medium
5137,I noticed that the printer in the study lounge is out of toner. Can someone please come and replace the cartridge today?,IT Support,Low
1160,I'm having trouble with the library's citation manager software. It keeps crashing on my Mac.,Library,Medium
1233,the vpn is down and i need to access the library database for my history project due in 4 hours.,IT Support,High
2577,i'm tryin to find out if i can get a copy of my official transcript sent to my home address for my records?,Academic Office,Medium
384,The university website is down and I am trying to pay my graduation fee before the 5 PM deadline today.,IT Support,High
13,I'm having trouble with the library's online book request system. It keeps giving me an error message.,Library,Low
155,Could you please investigate why I was charged a 'Late Registration Fee' when I registered on the very first day?,Finance Office,Medium
1472,library account issue partially resolved,Library,Medium
977,I am having trouble finding a specific research paper in the university's digital archives. Could someone help me?,Library,Low
119,"The course registration portal is down for maintenance, but my enrollment window expires in 30 minutes. Please assist.",IT Support,High
5386,I noticed an error in my transcript. it says i failed a class that i actually got an A in. I need this fixed for my graduation check next week.,Academic Office,High
6828,i cant get the wifi to work on my nintendo switch in the dorms. it says the security settings aren't supported.,IT Support,Low
8725,I'm having trouble with the library's online reservation system for study rooms.,Library,Low
3335,my student loan check was sent to my home address instead of my dorm. i need to redirect it so i can pay my rent tomorrow.,Finance Office,High
166,The system for submitting letters of recommendation is down and the deadline is in three hours. My professor is waiting.,Admissions,High
603,I AM LITERALLY IN TEARS BECAUSE I DONT KNOW IF THE ADMISSIONS OFFICE HAS A RECYCLING BIN FOR CARDBOARD!!!,Admissions,Low
229,The university's system for submitting graduate school applications is down and the deadline is in four hours.,Admissions,High
150,The university website is displaying my social security number on the student profile page. This is a severe breach.,Administration,High
8077,can u help me find the link for the online application for the study abroad program? thx.,Admissions,Medium
5780,system froze during file upload just before deadline,IT Support,High
2091,pls update dorm maintenance ticket,Student Housing,Medium
7757,I'm having trouble with the shower in my dorm. The water pressure is very low.,Student Housing,Medium
4858,I would like to request a copy of the university's policy on chemical safety.,Academic Office,Low
5595,application page duplicates entries after refresh,Admissions,Medium
1686,i'm having trouble with the university's vpn on my windows laptop it keeps saying connection failed for no reason.,IT Support,Medium
2532,I am unable to log in to the student health portal to confirm my emergency appointment for tomorrow.,IT Support,High
1023,"Hello, I noticed a discrepancy in my tuition bill regarding the lab fees for my Chemistry course. It appears I was charged twice.",Finance Office,Medium
257,invoice shows duplicate charge line,Finance Office,Medium
1929,I would like to inquire about the different types of housing available for married students.,Student Housing,Low
6631,"Login failed, MFA missing.",IT Support,High
4191,MFA not sending code cannot login before submission,IT Support,High
8200,Is there a specific form I need to fill out if I want to audit a class as a non-degree seeking student?,Admissions,Low
249,i need to report a broken window in the common room. someone threw a ball through it.,Student Housing,Medium
231,I AM ABSOLUTELY LIVID!! The software license for SPSS is expired on my laptop and I have a lab report due in 4 days!!!,IT Support,Medium
7517,tuition miscalculated and must fix today,Finance Office,High
1038,i want to know the hours of the university's bookstore. are they open on saturdays? thx.,Admissions,Low
3748,hey id like to know if the university provides certificates for participation in the student leadership workshop. no rush.,Administration,Low
1716,I would like to inquire about the university's policy for student travel grants for research.,Academic Office,Low
193,i'm tryin to figure out if i can get a discount on my meal plan bc i realized i dont eat breakfast. thx.,Finance Office,Medium
1909,The microwave in the dorm kitchen smells like smoke when I turn it on. I think it’s a fire hazard.,Student Housing,High
5502,I AM IN TEARS!! MY NEW ROOMMATE HAS A CAT AND I AM EXTREMELY ALLERGIC BUT THE HOUSING OFFICE ISN'T PICKING UP!!,Student Housing,Medium
1039,payment failed and blocks registration today,Finance Office,High
5823,PLEASE!!!!!! I NEED TO KNOW IF I CAN GET A REFUND FOR MY PARKING PASS I DON'T HAVE A CAR ANYMORE!!!!!!! PLEASE HELP!!!!!!,Finance Office,Low
3212,The ceiling in the campus administrative building is leaking onto the server racks in the basement. We need a team there now.,IT Support,High
8008,PLEASE HELP ME I CANT FIND THE LINK TO THE CAMPUS MAP AND I AM LITERALLY SO LOST AND CRYING RIGHT NOW HELP!!!!!!!!!!,Admissions,Low
1880,I'm having trouble with the heating in the library's computer lab. It's very hot.,Library,Low
1277,The portal for international health records is rejecting my vaccine card. the deadline is tonight at midnight sharp. i am calm.,Admissions,High
5244,I received an acceptance letter but the link to the enrollment portal is not working. The deadline to accept is in 12 hours.,Admissions,High
1137,room door lock jammed and cant enter at night,Student Housing,High
1558,I have been waiting for two weeks for my student work-study contract to be processed. I really need to start my shifts.,Finance Office,Medium
3673,course registration shows outdated availability intermittently,Academic Office,Medium
5373,OH MY GOD!! I JUST SAW MY BILL AND IT SAYS I OWE $2000 FOR A HOUSING DEPOSIT I ALREADY SENT BY WIRE!! CHECK YOUR RECORDS!!,Finance Office,Medium
3434,I am calm but my financial aid refund was sent to a bank account i closed last year. I need this corrected to pay my rent by tomorrow.,Finance Office,High
574,I CANT FIND MY ADMISSIONS INTERVIEW LINK AND IT STARTS IN FIVE MINUTES HELP ME NOW!!!!!!!,Admissions,Medium
6129,is there any way to change my major from art to engineering? i've decided that i want to build things instead.,Academic Office,Medium
1347,I am an international student and I'm confused about the tuition payment options for wire transfers from South Korea.,Finance Office,Medium
1165,The lock on my dorm room door is broken and i cannot get out. i have a medical appointment in 20 minutes. very calm.,Student Housing,High
4225,I am unable to access the VPN and I have a project due on the secure server in 3 hours. I need access restored.,IT Support,High
7371,My transcript is being held for a library book I returned. I have the receipt. I need the transcript for a deadline in 5 hours.,Academic Office,High
7586,I am an international student and I'm having trouble with the visa application process. I need an updated I-20 by tomorrow to keep my appointment.,Admissions,High
2186,the lock on the main entrance to the dorm building is broken and it won't lock at all tonight. this seems like a security risk.,Student Housing,High
5331,The student health center is closed today. Is there an after-hours nurse line I can call?,Administration,Medium
6987,PLEASE RESPOND ASAP I NEED TO KNOW IF I CAN BRING MY CAT TO THE DORM IF I HAVE A DOCTORS NOTE FOR EMOTIONAL SUPPORT!!!!!!!,Student Housing,Medium
7682,"hi, i want to know if there r any clubs for people who like vintage typewriters? idk where to look.",Administration,Low
318,hi id like to know the policy for reserving a study room for a group project next month. no rush.,Library,Low
2178,Admissions: My scholarship award letter disappeared from the portal. I need it to secure my visa by tomorrow morning.,Admissions,High
1331,i am at the pharmacy and my student health insurance is showing as 'Cancelled'. i need my heart medication right now.,Finance Office,High
423,Who is responsible for the upkeep of the campus sundial near the library? It looks slightly off.,Administration,Low
695,i am calm but my student visa i-20 form was mailed with the wrong birthdate and my embassy interview is tomorrow morning.,Admissions,High
812,admissions document verification delayed,Admissions,Medium
5959,Are there any student positions available at the campus cafeteria for the winter term?,Administration,Low
2100,need urgent enrollment certificate today for embassy,Administration,High
4038,Can I get a list of all the student organizations that are focused on diversity and inclusion?,Administration,Low
6716,PLEASE HELP ME!!!!!!!! I CANT FIND MY STUDENT ID CARD AND I NEED IT TO GET INTO THE DINING HALL I AM SO HUNGRY!!!!!!!,IT Support,Medium
4974,i have a question about the university's transfer policy. will my credits from my old school count?,Admissions,Low
6584,"Regarding my application for the fall semester, I have updated my phone number. Please update your records.",Admissions,Low
6902,"dorm window stuck, pls advise maintenance",Student Housing,Medium
3482,The software 'EndNote' is not working correctly on the library loaner laptops. It keeps crashing when I open it.,IT Support,Medium
4995,dorm common area WiFi signal inquiry,Student Housing,Low
5108,admission interview scheduling clarification,Admissions,Medium
6303,billing summary unclear after recent payment,Finance Office,Medium
3620,The bathroom light switch in my dorm is broken.,Student Housing,Medium
7489,the application portal for the doctoral program is closing in 15 minutes and it won't let me upload my final research proposal.,Admissions,High
6844,MY MFA TOKEN EXPIRED AND I HAVE AN ONLINE EXAM STARTING IN 10 MINUTES!!!! PLEASE RESET IT ASAP!!!!!,IT Support,High
1034,Can someone tell me if the campus gym is open on Labor Day? I need to know before I walk all the way over there.,Administration,Low
90,heater weak in dorm room,Student Housing,Medium
2998,can i get a library card for my spouse?,Library,Low
8018,I am calm but my graduation status has been revoked due to a missing administrative fee that I paid last month. Commencement is tomorrow.,Administration,High
730,I am an international student and I'm confused about the health insurance waiver process and deadlines.,Administration,Medium
604,I am writing to inquire about the possibility of deferring my enrollment to the fall semester due to personal reasons. Thank you.,Admissions,Medium
2289,invoice breakdown confusing to understand,Finance Office,Medium
6082,Official transcript for visa needed.,Administration,Medium
4843,I would like to request a change of advisor because my current advisor is never available.,Academic Office,Medium
3409,The ceiling in the common room is sagging significantly and there is a large wet spot. It looks like it will fall soon.,Student Housing,High
3068,The light in my dorm hallway is flickering and it's making it hard to walk at night.,Student Housing,Low
6615,I am writing to respectfully inform you that the heater in my dorm is emitting smoke. I have evacuated and am waiting for a response at the front desk.,Student Housing,High
5995,To the Admissions Office: My high school transcript was flagged as 'Incomplete' despite it being final. I will be de-enrolled tonight if not fixed.,Admissions,High
428,the lock on the main entrance to the dorm is broken and it won't lock at all tonight. we need a locksmith.,Student Housing,High
7895,hi id like to know the policy on bringing a goldfish to the dorms? my mom wants to buy me one for my bday.,Student Housing,Low
1286,dorm heater not heating enough,Student Housing,Medium
3060,I cannot access my virtual machine for my systems class. The final lab is due in 6 hours and it's 20% of my grade.,IT Support,High
4839,"hi, can u tell me the average weight of the desks in the dorms? i'm trying to decide if i should bring my own chair.",Student Housing,Low
6432,I need help with my application for a student grant for undergraduate research.,Academic Office,Low
3622,session timeout happens too frequently on portal,IT Support,Medium
7854,I'm having trouble with the library's online search for government publications.,Library,Low
203,Grades missing in portal.,Academic Office,High
2287,PLEASE HELP ME I THINK I LEFT MY PURSE IN THE LIBRARY AND I HAVE NO MONEY TO GET HOME PLEASE LOOK FOR IT NOW!!!!!!!,Library,Medium
4571,I am an international applicant and I'm having trouble with the document upload feature on the university's application portal.,Admissions,Medium
1320,i'm having trouble with the university's email on my android phone. it is not syncing any messages from my advisor.,IT Support,Medium
7258,is there any way to change my major from art to engineering? i've decided that i want to build things.,Academic Office,Medium
5142,"I received an email stating my application was incomplete because of a missing letter of recommendation, but my professor sent it last week.",Admissions,Medium
8350,i need to update my social security number on my file because it was entered incorrectly during the application.,Administration,Medium
1592,URGENT!!!!! I NEED TO KNOW IF THE LIBRARY IS OPEN ON THE FOURTH OF JULY PLS PLS PLS PLS RESPOND!!!!!!!,Library,Low
1822,There is a massive flood in the student housing basement and the laundry room is completely under water.,Student Housing,High
372,wardrobe door slightly misaligned in dorm,Student Housing,Medium
3768,My dorm room door lock is malfunctioning and I am currently trapped inside my room. I have an exam starting in 15 minutes.,Student Housing,High
7823,status says pending though docs uploaded,Admissions,Medium
33,i want to apply for a student job in the library. where can i find the application form?,Library,Low
1168,hello i'm realy sorry to bother u but could u please tell me if the library has any staplers on the 3rd floor?? i need one for my essay next week thx!!,Library,Low
1329,Dorm faucet dripping water.,Student Housing,Medium
6230,grade submission fails repeatedly before cutoff,Academic Office,High
5648,Just a quick note to say that I really appreciate the new coffee machine in the lobby. It's great!,Administration,Low
4409,library info on study space availability,Library,Low
4827,I'm having trouble with the air conditioning in the library. It's very cold and I'm having trouble concentrating.,Library,Low
2058,What are the requirements for applying for a summer internship through the university's career center?,Administration,Low
5761,I'm having trouble with the library's online search for historical maps and charts.,Library,Low
2977,Are there any plans to install more bike racks near the finance building in the next few years?,Finance Office,Low
7456,I am an international student and my health insurance is showing as active but I was charged for a new policy on my tuition bill.,Finance Office,Medium
120,I would like to know the policy for hosting guests in the student dormitories during the weekend.,Student Housing,Low
5999,I'm locked out of my dorm and my insulin is inside. I need someone to let me in now.,Student Housing,High
7748,hi i lost my id card and need a new one b4 next week exams. thx.,Administration,Medium
4515,is there any way to waive the student activity fee since i am taking all my classes online?,Finance Office,Medium
1563,The lock on my dorm room window is broken and anyone could climb in from the fire escape. I am currently waiting in my room for maintenance.,Student Housing,High
505,"hi, do the dorms come with mirrors or should i buy one myself? thx.",Student Housing,Low
7314,ID card not working and exam starts soon,Administration,High
1114,"The bursar's office is showing a $0 balance for my account, but i know i owe $5,000 for tuition. i don't want to be penalized for their error later.",Finance Office,High
6939,dorm keycard access issue,Student Housing,Medium
906,The university's system for processing graduation clearances is down and i need my verification for a job starting tomorrow.,Administration,High
2731,I have been locked out of my student email account. I have a job interview via Zoom via a link in that email in 30 minutes.,IT Support,High
6640,admission application correction guidance,Admissions,Medium
7119,i am calm but i need to report that my graduation certificate has my name spelled wrong and i need the corrected version for my visa interview tomorrow morning at 8am.,Administration,High
4143,I am calm but the sink in my dorm is overflowing and the water is reaching the electrical outlets. i need maintenance.,Student Housing,High
2929,I would like to know if my high school's counselor recommendation was received. It's the last item on my checklist.,Admissions,Medium
5833,"the scholarship application requires a signature from your office, and the window closes in 4 hours. i am currently at the front desk.",Finance Office,High
545,URGENT!!!!! I ACCIDENTALLY EMAILED MY PROFESSOR A PICTURE OF MY CAT INSTEAD OF MY HOMEWORK PLS DELETE IT NOW!!!!!!,IT Support,Low
1007,I am a prospective student from France. Do I need to translate my high school transcripts?,Admissions,Low
3181,exam guidelines clarification needed,Academic Office,Medium
5075,the carpet in the study lounge has a huge wet spot that has been there for days. it looks like a leak from the ceiling.,Student Housing,Medium
2942,Does the library have a collection of board games that students can borrow for the weekend?,Library,Low
4783,"my financial aid was reduced by $5,000 today without notice. i have no way to pay the remaining balance due tomorrow.",Finance Office,High
5107,My roommate is keeping a lizard in our room without permission and I'm worried about it escaping.,Student Housing,Low
5433,library book recommendation request,Library,Low
1876,There is a massive leak in the student housing bathroom and the water is dripping into the ceiling of the floor directly below.,Student Housing,High
4672,dorm furniture repair request,Student Housing,Medium
8040,Official degree confirmation letter needed.,Administration,Medium
352,I would like to request a copy of the university's policy on drug and alcohol use.,Administration,Low
1666,The ceiling in my dorm room is leaking and it's getting on my bed.,Student Housing,High
5293,I am having a problem with the VPN software. It won't connect and I need to access the research database for my paper.,IT Support,Medium
2411,hey can u check the balance of my flex points? i think it might be wrong. thx.,Finance Office,Medium
8650,i'm unable to access the online library resources while i'm off-campus. it keeps asking for a login that doesn't work.,Library,Medium
7097,I am reporting a breach. I can see the financial records of other students when I log into my billing portal.,IT Support,High
1556,I would like to know the criteria for the dean's list for the engineering major.,Academic Office,Low
2433,PLEASE HELP ME I THINK I LEFT MY GLASSES IN THE STUDY HALL AND I CANT SEE ANYTHING TO DO MY HOMEWORK PLS PLS PLS!!!!!,Library,Medium
2534,Are there any plans to change the color of the student id cards for the 2030 class?,Administration,Low
396,I would like to request a copy of the university's diversity and inclusion statement.,Administration,Low
8217,The bath mat in my dorm bathroom is old.,Student Housing,Low
3530,The university's system for submitting health insurance waivers is offline. I'd like to try again tomorrow.,Finance Office,Medium
8144,The radiator in my dorm room is making a loud banging noise.,Student Housing,Low
5553,i want to know if the library has any group study rooms available for today.,Library,Low
892,MY COMPUTER IS MAKING A WEIRD HUMMING NOISE AND I AM SCARED IT WILL EXPLODE HELP ME!!!!!!,IT Support,Low
4553,I would like to know the deadline for applying for a student ambassador position.,Admissions,Low
957,The campus safety sirens are going off but there's no alert on the portal. Is there an active threat we need to know about?,Administration,High
5673,I would like to report that the university's data breach has exposed my personal banking details. I need an immediate account freeze.,Administration,High
6310,I noticed a significant leak in the roof of the rare books section of the library. It's currently raining and some manuscripts might be at risk.,Library,High
3465,I would like to request a copy of the university's policy on student financial aid from the finance office.,Finance Office,Low
406,window in dorm room does not close fully,Student Housing,Medium
1502,I'm extremely upset!! My grade for the midterm is still not appearing on the portal and I need to know it NOW or I will lose my mind!!,Academic Office,Medium
4714,my immigration documents were signed by the wrong officer and the border agent is holding me. i need a new signature right now.,Admissions,High
6193,my graduation application was denied because of a typo in my student ID. i need to talk to someone before the ceremony on saturday.,Academic Office,High
3350,The graduation application portal is rejecting my final credits even though my advisor approved them. The window for May graduation closes in 2 hours.,Academic Office,High
8847,hi i need a copy of my 1098-T for my taxes. where do i find it?,Finance Office,Medium
4610,idk how to find the course syllabus for my history class on the new portal. can someone help me locate it?,Academic Office,Low
7290,PLEASE RESPOND ASAP I NEED TO KNOW IF I CAN USE THE UNIVERSITY'S GYM IF I AM ONLY TAKING ONE CLASS!!!!!!!,Admissions,Low
1762,"hi, can u tell me if the IT department has any old mouse pads they r giving away? thx.",IT Support,Low
1355,"Forgot MFA, portal inaccessible.",IT Support,High
1175,I would like to request a new bookshelf for my dorm room because my current one is very full.,Student Housing,Low
6849,I'm trying to renew my books online but it says I've reached the maximum number of renewals. Can I get a one-time exception?,Library,Medium
2955,Need official transcript for visa purposes.,Administration,Medium
364,The projector in Room 305 is very dim and it's impossible to see the slides during our morning lecture.,IT Support,Medium
1750,can u tell me if the library has any books on the philosophy of science for my paper due next week? thx.,Library,Low
2399,The lock on my dorm door is getting stuck. It takes 5 or 6 tries with the keycard before it finally clicks open.,Student Housing,Medium
4398,"The window in room 205 doesn't close all the way, and there's a draft coming in. Can maintenance fix the latch?",Student Housing,Medium
2063,i want to know if i can use the library printers from my personal laptop or if i have to use the desktop computers there. no hurry.,Library,Low
125,My scholarship funds haven't been applied to my account yet and I have a hold on my registration. Classes start tomorrow.,Finance Office,High
4024,The university's system for processing transcript requests is down and i need mine for my job application due in 3 hours. Please help.,Academic Office,High
6140,tuition miscalculated and immediate correction required today,Finance Office,High
5150,i just received an email saying my admission has been rescinded due to a missing document that i know was sent. please fix this!!,Admissions,High
124,I'm interested in the university's graduate program in computer science. What are the admissions requirements?,Admissions,Low
6634,how to sign up for optional academic seminars,Academic Office,Low
7180,I am having trouble with the online payment system for the tuition fee. It keeps giving me an error message.,Finance Office,Medium
345,the heater in my room is making a very loud clicking sound and i cannot sleep. it has been happening for three nights.,Student Housing,Medium
2699,my dorm room has a bedbug infestation and i am currently covered in bites. i need to be moved to a clean room immediately.,Student Housing,High
5905,"I need help with my application for a student internship in Washington, D.C.",Academic Office,Low
5264,I need help with my application for a student scholarship for students in the life sciences.,Finance Office,Low
5286,I would like to inquire about the university's policy for student internships and university credits.,Academic Office,Low
6490,application docs disappeared before submission deadline,Admissions,High
1339,hey does the library have any copies of the book 'the great gatsby'? i need it for my class tomorrow.,Library,Medium
1808,hi i cant login to the lms and my final exam starts in 10 mins pls help!!,IT Support,High
5381,dorm AC not working properly,Student Housing,Medium
5189,I noticed that the light in the library stairwell is flickering and it's making me feel a bit nauseous.,Library,Low
2828,the professor for bio 201 has not uploaded the grade for my midterm and it's been three weeks. can you check on this?,Academic Office,Medium
3048,I'm having trouble with the online portal for my student parking permit application.,Administration,Low
8100,I am a prospective student and I'm confused about the application requirements for the nursing program.,Admissions,Low
822,i need to talk to someone about my grade in math. i think the professor made a mistake on my final.,Academic Office,Medium
7731,idk how to register for a parking pass for the next semester. can u help?,Student Housing,Low
7069,I'm a little concerned because my scholarship funds haven't been applied to my account yet and classes start tomorrow morning.,Finance Office,High
1008,I would like to inquire about the possibility of living in the student apartments for the next academic year.,Student Housing,Low
2696,i'm having trouble with the library's citation manager; it won't let me export my bibliography in apa format.,Library,Medium
506,I am an international applicant and I haven't received my acceptance letter yet. My portal says it was mailed two weeks ago.,Admissions,Medium
1184,hi can i pay the $50 lab fee with cash or does it have to be online?,Finance Office,Low
2335,I would like to know the deadline for applying for a student teaching assistant position.,Academic Office,Low
3327,I would like to request a copy of the university's non-discrimination policy.,Administration,Low
1587,the fire alarm in my building is making a quiet chirping sound every minute. it's not an emergency but it's annoying. thx.,Student Housing,Medium
1624,I need to know the deadline for submitting my graduation application for the spring semester.,Academic Office,Low
5325,PLEASE HURRY THE COPIER IS JAMMED AND I NEED MY HANDOUTS FOR MY PRESENTATION ON WEDNESDAY!!!!!!!,Library,Medium
1087,academic course prerequisite clarification,Academic Office,Medium
654,i want to know if there are any quiet study areas on the 4th floor of the library.,Library,Low
6118,I forgot to register for my mandatory prerequisite course and the system is now locked. I need to take it this semester to graduate on time.,Academic Office,High
3320,I AM LITERALLY SCREAMING BECAUSE THE LIBRARY IS SO COLD AND I CANT STUDY PLEASE TURN THE HEAT UP NOW!!!!!!,Library,Low
5133,I noticed that the library website is very slow today and I can't access any of the online research databases for my midterm project.,Library,Medium
4680,I noticed that the library catalog search is very slow today. It is taking a long time to load any results from the catalog.,Library,Medium
996,library room booking info,Library,Low
8933,What are the requirements for international students to get a work permit?,Admissions,Low
642,Tuition overcharge refund pending.,Finance Office,High
2493,pls confirm office hours for admin support,Administration,Low
6927,I would like to request a copy of the university's policy on student employment from the human resources office.,Administration,Low
1162,i'm tryin to figure out if i can get a student id for my spouse since they use the gym sometimes. thx.,Administration,Low
1753,I am stuck in the elevator in the Student Union building. Please send help as soon as possible.,Administration,High
5093,clarification on course grading scheme,Academic Office,Medium
7417,"The university's portal for study abroad applications is showing a 500 server error, and the deadline for the fall term is in 6 hours.",Admissions,High
5418,The door handle to my dorm bathroom is loose.,Student Housing,Low
6469,library printer not urgent but not working,Library,Medium
436,certificate request processing slower than expected,Administration,Medium
2668,I'm having trouble with the online portal for my student degree progress report account.,Academic Office,Medium
1725,I noticed that the library catalog search is very slow today. It is taking a long time to load any results.,Library,Medium
1001,Enrollment verification needed.,Administration,Low
1216,IT system showing incomplete account profile info,IT Support,Medium
6206,i'm having trouble with the university's vpn on my laptop it keeps saying connection failed even though my internet is fine.,IT Support,Medium
4467,I would like to book a tour of the campus for my parents next week.,Admissions,Low
3519,The shower wall in my dorm bathroom is dirty.,Student Housing,Low
5832,I am an international applicant and I'm having trouble with the document upload feature on the student application portal.,Admissions,Medium
4376,the wifi in the math building is down and i have an online quiz that starts in 15 minutes. i am currently in the lobby.,IT Support,High
3566,I'm having trouble with the library's online portal for access to academic journals.,Library,Medium
7381,finance office invoice processing delayed,Finance Office,Medium
1313,PLEASE!!!!!! I NEED TO KNOW IF I CAN GET A REFUND FOR MY PARKING PASS I DON'T HAVE A CAR ANYMORE!!!!!!!,Finance Office,Low
2419,The heater in my room makes a very loud whistling sound when it turns on. It works but it's really annoying at night.,Student Housing,Medium
3982,There is a fire in the dorm's laundry room! Please send help immediately!!!,Student Housing,High
7711,I need to talk to someone about my transcript evaluation. I think some of my community college credits were not counted correctly.,Admissions,Medium
58,how do i request a replacement id card because mine was snapped in half. i can come by on thursday.,Administration,Medium
1428,idk how to check the hours for the student health center. is it open on saturdays? i think i have a cold.,Admissions,Low
7324,The library's website is down and I need to access the online databases for my research paper that is due tomorrow. Please fix it!,Library,High
8659,PLEASE HURRY THE PRINTER IS MAKING A WEIRD GRINDING NOISE AND I NEED TO PRINT MY THESIS RIGHT NOW!!!!!!!,Library,Medium
2770,Are there any quiet study areas in the library that are open on Friday nights?,Library,Low
8360,I AM PANICKING!! THE SYSTEM SAYS I HAVEN'T SUBMITTED MY DIPLOMA APPLICATION BUT THE DEADLINE IS TONIGHT!!,Administration,Medium
8523,dorm lighting flickers occasionally,Student Housing,Medium
2889,How can I request a physical copy of my diploma after graduation?,Academic Office,Low
6228,MY ROOMMATE IS SO LOUD I AM LITERALLY AT MY BREAKING POINT!! THEY HAVE GUESTS OVER AT 2AM EVERY SINGLE NIGHT!! HELP ME NOW!!,Student Housing,Medium
7953,"My acceptance letter has the wrong major listed, and the deadline to accept for the nursing program is tonight at midnight.",Admissions,High
1816,can i get a list of all the clubs on campus?,Admissions,Low
6711,dorm AC not cooling properly request,Student Housing,Medium
8427,My I-20 has a critical spelling error in my name and my visa interview is tomorrow morning at the embassy. Please reissue it.,Admissions,High
75,I'm having trouble with the online portal for my student software development kit (SDK) downloads.,IT Support,Low
3129,I'm experiencing a login loop on the proctoring software. My bar exam prep quiz ends in 20 minutes.,IT Support,High
6847,I would like to know the deadline for applying for a student research grant for the summer.,Academic Office,Low
3615,How do I apply for a student job at the university bookstore?,Administration,Low
887,The admissions portal is not letting me upload my final transcripts and the deadline is tonight at midnight.,Admissions,High
1928,missing one quiz grade in portal display,Academic Office,Medium
983,I am having trouble connecting my phone to the campus Wi-Fi. It keeps dropping the connection.,IT Support,Medium
2881,URGENT!!!!! I NEED TO KNOW IF THE LIBRARY HAS ANY EXTRA COPIES OF THE TEXTBOOK FOR BIO 101 PLS HELP ME!!!!!!! PLS!!!!!,Library,Low
1055,i have a question about the university's financial aid policy. can i get more money for books?,Finance Office,Low
3892,can u help me find the link for the online application for the study abroad program?,Academic Office,Low
2481,"The student portal for international travel authorization is not loading, and my flight for the study abroad program departs in 12 hours.",Admissions,High
3823,portal displays outdated information sometimes,IT Support,Medium
5969,URGENT PLS!!!! I NEED TO KNOW IF THE LIBRARY HAS ANY STAPLERS RIGHT NOW I HAVE A PAPER DUE ON FRIDAY AND I WANT TO BE PREPARED!!!!! PLEASE ANSWER NOW!!!!!,Library,Low
427,my financial aid package is still pending and the tuition deadline is in two days. what should i do?,Finance Office,High
6192,I accidentally paid my housing deposit twice. How can I get a refund for the second transaction?,Finance Office,Medium
3346,"My scholarship check was supposed to be applied to my account yesterday, but my status still says 'Past Due' and I am worried I will be dropped from my classes tonight.",Finance Office,High
719,The laundry room in North Hall has two machines that have been 'Out of Order' for over a week. Is there a timeline for a fix?,Student Housing,Medium
7987,There is a significant leak in the roof of the student union. Water is dripping onto the furniture in the lounge area.,Administration,Medium
8234,I noticed that the library search engine is not showing results for recent 2024 publications. Is it being updated?,Library,Low
8493,the font on the official transcript download is all garbled and illegible. i tried different browsers but it didn't help.,IT Support,Medium
5859,tuition payment not showing and cutoff is today,Finance Office,High
3089,my advisor said i have to take bio 101 but it's full. can i get an override?,Academic Office,Medium
3387,dorm WiFi troubleshooting guidance,Student Housing,Low
2568,I am writing to inquire about the possibility of deferring my admission to the Spring semester. Is this allowed?,Admissions,Low
3459,Official enrollment verification needed.,Administration,Low
7949,heating system failed during freezing night in dorm,Student Housing,High
7652,The system says I'm a freshman but I'm a senior. I can't register for my 400-level capstone that closes in 2 hours.,Academic Office,High
4602,I'm having trouble with the online portal for my student version control request account.,IT Support,Medium
2432,admission portal missing accept option before cutoff,Admissions,High
6880,Is there a deadline for updating my home address for the diploma mailing?,Administration,Low
1280,The admissions portal is down for maintenance but my application is due today and I haven't uploaded my essay yet.,IT Support,High
1595,The towel rack in my dorm bathroom is loose.,Student Housing,Low
1973,certificate dispatch delayed without update,Administration,Medium
6503,I'm having trouble with the online course registration. It says I don't have the prerequisites for a class I already finished.,Academic Office,Medium
2392,I AM SO FRUSTRATED!! I REQUESTED A ROOM CHANGE OVER A MONTH AGO AND NO ONE HAS EVEN EMAILED ME BACK!! THIS IS UNACCEPTABLE!!,Student Housing,Medium
1621,SOS I CANT FIND MY DORM KEY AND I HAVE A MIDTERM IN TEN MINUTES PLEASE HELP ME GET IN!!!!!!!,Student Housing,Medium
66,I am having trouble with the 'forgot password' link for the student portal. I never receive the reset email in my inbox.,IT Support,Medium
2469,I'm having trouble with the air conditioning in my dorm room. It's making a very loud rattling noise.,Student Housing,Medium
1986,I would like to know if the library has any copies of the book 'Principles of Economics' available for 2-hour reserve.,Library,Low
3299,I am calm but i need to report that the mfa code is not sending to my phone and i am being locked out of the clinical placement portal which closes in 30 minutes.,IT Support,High
6121,I am an international applicant and I haven't received any confirmation that my transcripts were received.,Admissions,Medium
1136,The rare manuscript I am researching for my dissertation just got wet from a leaking pipe in the ceiling.,Library,High
7009,The printer in the basement of the dorm is out of ink. Again.,IT Support,Low
4415,"My graduation audit is showing that I am missing a core requirement, but I already took that class. Graduation is in two days and I need this cleared.",Academic Office,High
2784,"The system is charging me out-of-state tuition even though I am a resident. I cannot afford the $10,000 difference due tonight.",Finance Office,High
1964,Can I get a refund on my parking permit if I'm graduating early?,Administration,Low
7058,Can you please provide an itemized receipt for my tuition payment? I need it for my employer's reimbursement program.,Finance Office,Medium
1841,portal disconnects during occasional use,IT Support,Medium
909,tuition looks fine just confirming,Finance Office,Low
2440,I noticed an error in my student record. it says i am a junior when i am actually a senior student in the business major.,Admissions,Medium
3286,How can I get a physical copy of my unofficial transcript for my internship application?,Academic Office,Low
2978,How can I find a tutor for my Organic Chemistry class? I am really struggling.,Academic Office,Medium
7769,Is there a way to see who my roommate is before I move in?,Student Housing,Low
7250,I am a prospective student and I'm confused about the scholarship opportunities for incoming freshmen.,Admissions,Low
4326,hey do u guys have a list of all the clubs on campus? i'm a new student and want to join some stuff next month.,Admissions,Low
1551,my tuition payment is due in 2 hours and the university bank account information on the website is incorrect.,Finance Office,High
6765,I would like to know the deadline for applying for a student internship in the technology sector.,Academic Office,Low
4171,There is a leak in the bathroom ceiling of my dorm. It is dripping slowly into the sink.,Student Housing,Medium
8667,The system for submitting graduate school applications is down and the deadline is in four hours from now at midnight.,Admissions,High
5967,The university's main database is returning 'Error 500' for all student record searches. This is a total system failure.,IT Support,High
927,the balcony railing in my apartment is loose and i almost fell from the 3rd floor. this needs to be fixed today.,Student Housing,High
7597,I would like to request a copy of the university's policy on whistleblower protection.,Administration,Low
16,hi i lost my library card and i want to know if i can just use my drivers license instead?,Library,Medium
5668,I AM CRYING!! I can't find the 'Accept Admission' button anywhere on my applicant dashboard and I've been looking for hours!!,Admissions,Medium
3230,Official transcript needed for visa purposes.,Administration,Medium
4513,"my health insurance waiver was rejected by mistake and i'm being charged $2,000 extra. the final deadline for payment is tomorrow morning.",Administration,High
611,id like to know if the library has a microwave that students can use for lunch.,Library,Low
3720,I am writing to inquire about the procedure for withdrawing from a single course after the initial add/drop period.,Academic Office,Medium
2147,library event registration question,Library,Low
7605,I'm having trouble with the online registration for my spring classes. it keeps saying i have a hold for a library fine I already paid back to the university.,IT Support,Medium
7834,dorm mailbox key replacement info,Student Housing,Low
1484,Library hours inquiry.,Library,Low
5696,the online portal for student parking is rejecting my license plate number as 'already in use'.,Administration,Medium
4717,there's a small leak under the sink in room 402. it's not a flood but it's annoying.,Student Housing,Medium
2132,document issued has slight alignment issues,Administration,Medium
588,i want to know the policy for borrowing books from other universities in the state network. is it free?,Library,Medium
5115,A pipe in my dorm bathroom just burst and water is flooding the whole room. Please send emergency maintenance immediately!,Student Housing,High
6813,"The admission portal says my application is incomplete because of a 'Missing Signature', but I signed it. Deadline is today.",Admissions,High
2457,"My graduation audit is showing that I am missing a core requirement, but I already took that class. Graduation is in two days and I need this cleared immediately.",Academic Office,High
492,Dorm heating not working.,Student Housing,Medium
3003,I'm looking for information about the work-study program. Who should I contact to see if I'm eligible?,Finance Office,Medium
6657,"The online catalog says the chemistry textbook is available in the library, but it's not on the shelf. Can you check the back?",Library,Medium
6309,I would like to request a copy of the university's policy on student parking from the administration office.,Administration,Low
1200,can i get a list of all the books i have checked out since i started at this university? just for my records.,Library,Low
8291,application documents disappeared before cutoff time,Admissions,High
7238,How do I renew a book that I currently have checked out from the main library?,Library,Low
1109,my graduation application is showing as 'missing' even though i have a confirmation email. it's for the december session.,Academic Office,Medium
7636,I accidentally paid my tuition twice and now my bank account is overdrawn. I need a refund for the second payment immediately.,Finance Office,High
287,hello i am trying to download the specialized software for my architecture class but the license key seems to be invalid. id like to work on this over the weekend.,IT Support,Medium
1519,OH MY GOD TELL ME IF THE FINANCE OFFICE HAS A FISH TANK IN THE LOBBY OR NOT!!!!,Finance Office,Low
2297,Can someone tell me where the nearest printer is in the administration building?,Administration,Low
3092,I'm having trouble with the library's search engine. It's not showing any results for the book I'm looking for.,Library,Low
8025,academic office info on guest lectures,Academic Office,Low
3292,I am unable to access my online class and it started 5 minutes ago. I need help getting in.,IT Support,High
5545,I'm having trouble with the online portal for my meal plan; it's not showing my current balance.,Student Housing,Medium
6091,I am an international applicant and I haven't received any word from the admissions office on whether my application is currently complete.,Admissions,Medium
5516,There is a strange man with a weapon in the dormitory lounge. Everyone is hiding in their rooms.,Student Housing,High
1633,The server that hosts the online midterm is down and the exam is supposed to start in 5 minutes. Please fix it immediately!,IT Support,High
3810,"Admissions docs can't upload, deadline near.",Admissions,High
94,The drain in my dorm bathroom sink is slow.,Student Housing,Low
1203,The student housing portal leaked my room number and personal phone number to the entire campus. I am getting harassing calls.,Student Housing,High
7939,I would like to request a new mattress for my dorm room.,Student Housing,Low
6089,URGENT PLS!!!! I NEED TO KNOW IF I CAN GET A REFUND FOR MY MEAL PLAN I HATE THE FOOD SO MUCH I AM LITERALLY STARVING!!!!!!,Finance Office,Low
26,The university's system for processing transcript requests is down and i need mine for my job application due in 3 hours. very calm.,Administration,High
1610,"My transfer credit evaluation is missing 30 credits. I am being told I have to stay an extra year, but graduation is this spring.",Admissions,High
7855,PLZ HELP!!! I can't find the menu for the dining hall for today!!! I'm so hungry!!!,Student Housing,Low
4408,My password was changed without my permission and I am currently locked out of my university email and cloud files.,IT Support,High
2323,The library's automated exit gates won't open and there is a fire alarm. Students are piling up at the exit.,Library,High
3472,i need to change my password but i don't remember my old one.,IT Support,Medium
4863,Admissions portal rejects submission.,Admissions,High
15,I am a prospective student and I missed the early decision deadline by 2 minutes because my internet cut out. Is there any way my application can still be considered?,Admissions,High
1770,I would like to request a new shoe rack for my dorm room.,Student Housing,Low
5479,grade posted but seems lower than expected,Academic Office,Medium
3508,r students allowed to use the photocopiers in the academic office for personal recipes? thx.,Academic Office,Low
4134,I noticed that a class I took last summer is missing from my transcript entirely. Can we resolve this before registration begins next week?,Academic Office,Medium
8451,I lost my flash drive in the computer lab yesterday. It’s blue and has my name on it. Has anyone turned it in?,IT Support,Low
6005,my scholarship check was sent to my old address and i need it now to pay for my books.,Finance Office,Medium
2075,my account was hacked and someone is sending spam emails from my student account. please lock it now.,IT Support,High
2094,"The student portal for international travel auth is not loading, and my flight for the study abroad departs in 12 hours.",Admissions,High
2339,Can I get a copy of the university's policy on student conduct from the administration office?,Administration,Low
571,how do i request a copy of my unofficial transcript from the student portal? i just want to see my gpa for my parents.,Academic Office,Low
6445,i'm tryin to figure out how to get a student discount for the local coffee shop. do i need a specific id card?,Admissions,Low
804,"Overcharged tuition, refund request not processed.",Finance Office,High
189,my student email account has been compromised and someone is sending phishing links. please lock it immediately. i am calm.,IT Support,High
2574,library room booking clarification,Library,Low
7839,i need to update my legal name on the student registry bc it's misspelled on my id card. i can bring my passport tomorrow.,Administration,Medium
3247,Admissions docs submission failing.,Admissions,High
5366,can u tell me if the library has any private study rooms that i can book for the whole day?,Library,Low
4853,"The heater in my room is making a weird clicking sound. It’s not urgent because it’s still warm, but could someone look at it this week?",Student Housing,Low
2395,The bursar's office is showing a hold on my account for a library fine from 2 years ago that i already paid. registration closes in 2 hours.,Finance Office,High
8877,I would like to request a copy of the official university mission statement for a class research project I'm working on.,Administration,Low
8450,"Dorm AC broken, very hot room.",Student Housing,Medium
4061,pls check enrollment certificate details,Administration,Medium
8819,My MFA token was lost and I cannot access my online final exam which is happening right now.,IT Support,High
4117,admission form correction needed,Admissions,Medium
6852,How do I request a transcript for my master's degree application at another university?,Administration,Low
3042,I noticed that the air conditioning in the library is making a very loud whistling noise.,Library,Low
6312,i can't access my digital id for the final exam. the app says 'unauthorized' and my exam starts in 5 minutes.,IT Support,High
4697,lights flicker occasionally in dorm hallway,Student Housing,Medium
1804,I noticed that the light in the library basement is flickering and it's making it hard to concentrate.,Library,Low
1337,Are there any student discounts available for public transportation passes through the university office?,Administration,Low
4962,URGENT PLEASE: My housing deposit refund hasn't arrived and I'm $300 short for my next rent payment. HELP!!,Finance Office,Medium
5515,I would like to inquire about the possibility of changing my major to Biology. What are the requirements?,Academic Office,Medium
6070,course syllabus link broken,Academic Office,Medium
105,I am an international student and my health insurance is showing as active but i was charged for a second policy on my university bill.,Finance Office,Medium
5458,I am having trouble with the online payment system for the graduation fee. It keeps timing out when I try to submit the payment.,Finance Office,Medium
5875,the lock on my dorm room door is broken and i cannot get out. i have a final exam starting in 30 minutes.,Student Housing,High
3942,I would like to request a copy of the university's policy on conflict of interest.,Administration,Low
8309,the wifi in the whole nursing wing is down and we have a mandatory digital competency test starting now.,IT Support,High
186,I'm having trouble with the air conditioning in the graduate student lounge. It's very hot.,Administration,Low
2624,I would like to request a copy of the university's policy on radiation safety.,Academic Office,Low
8166,HELP!!!! I CANT ACCESS MY EMAIL AND I HAVE A TAKE-HOME EXAM THAT I NEED TO START NOW!!!!!,IT Support,High
3093,admission portal status unclear,Admissions,Medium
2351,i'm tryin to find out if i can get a bigger desk for my room bc this one is tiny. no rush tho.,Student Housing,Low
2555,I noticed that the light in the library is flickering and it's making it hard for me to concentrate on my study.,Library,Low
541,i want to know the deadline for dropping a class without it appearing as a 'w' on my record. can u lmk?,Academic Office,Medium
7756,pls verify student transcript info,Administration,Low
6950,"hello, could u pls tell me what the font requirements are for the header of our student id cards? just wonderin.",Administration,Low
4201,the sink in my dorm is dripping a little bit but it is making a loud noise at night. could u send someone next week?,Student Housing,Medium
5671,i'm having a hard time logging into the library's research database. it says my credentials are invalid.,Library,Medium
1700,I AM FREAKING OUT BECAUSE I CANT FIND THE CAMPUS ADDRESS TO GIVE TO THE PIZZA DELIVERY GUY HELP ME!!!!!!,Student Housing,Low
5425,I'm having trouble with the online application for the Master's program. It won't let me upload my CV.,Admissions,Medium
5446,admission portal not showing accept option before cutoff,Admissions,High
2544,Can I get a list of all the student organizations that are focused on student media and journalism?,Administration,Low
1931,i'm havign trouble with the printer in the library. it keeps sayign 'offline' whenever i try to print from my laptop.,IT Support,Medium
3417,Deadline for submitting admissions documents is today.,Admissions,High
5831,fee payment stuck processing and deadline today,Finance Office,High
2753,"I received an email stating that my tuition payment was successful, but it's still showing as unpaid in my account. I need this resolved before the registration hold is applied tomorrow.",Finance Office,High
5451,How can I get a copy of the university's annual report for my research project?,Administration,Low
3477,requesting student certificate reissue,Administration,Medium
8962,"I am writing to report that the online library database is currently inaccessible, which is blocking my thesis research due tomorrow.",IT Support,High
3525,can i update application later?,Admissions,Low
7451,finance office scholarship application status unclear,Finance Office,Medium
1936,i lost my glasses in the cafeteria and i literally cant see my computer screen to finish my homework. has anyone turned them in???,Administration,Medium
4138,Could you please provide the contact information for the campus chaplain's office?,Administration,Low
5124,I noticed that the temperature in the student cafeteria is very high today. Is the air conditioning working?,Administration,Low
3963,I am reporting that the online database for legal research is down. My final memo is due in 3 hours and I have no sources.,Library,High
2723,The main power line to the East Dorm just sparked and the whole building is dark. I can smell ozone.,Student Housing,High
1983,my roommate is breathing really loudly and i have a slight headache. i need someone to come move me to a new room right this second i am so stressed out!!,Student Housing,Low
5782,The student portal keeps crashing when I try to pay my tuition. the deadline is in two hours and i don't want to lose my enrollment.,IT Support,High
7663,The university's credit card portal for tuition is charging a 10% fee by mistake. i need this corrected tonight.,Finance Office,High
5548,the sink in my dorm is dripping a little bit but it is making a loud noise at night. could u send someone next week to fix it?,Student Housing,Medium
5766,certificate not issued and needed today urgently,Administration,High
6208,admission document submission guidance,Admissions,Medium
3428,double charged admission fee before cutoff deadline,Admissions,High
2194,I noticed that the light in the communal bathroom is out. It's very dark and I'm worried about someone falling.,Student Housing,Medium
1531,I would like to know the policy for overnight guests in the graduate student apartments.,Student Housing,Low
7616,name slightly incorrect on student ID card,Administration,Medium
5808,how do i request an official transcript to be sent to another university for my transfer application? i need it sent by next week.,Academic Office,Medium
6917,the registration system has been down for 4 hours and the deadline to add/drop classes is tonight.,IT Support,High
538,I would like to calmly report that the library's main server rack is smoking and the smell of burning plastic is strong.,Library,High
29,i'm having trouble with the university's website. it's very slow and some pages aren't loading at all for me.,IT Support,Medium
4707,Where can I find the list of required vaccinations for incoming freshmen? I need to send them to my doctor.,Admissions,Low
489,how do i change my preferred name on the student portal? i want it to reflect my nickname.,Academic Office,Low
3059,i'm tryin to figure out how to reset my student email password bc i forgot it again. no rush.,IT Support,Medium
8900,I AM CRYING!! I LOST MY WALLET AND MY STUDENT ID IS IN IT AND I CANT GET INTO MY DORM OR GET FOOD!! HELP ME PLEASE!!,Administration,Medium
1785,i need a copy of the campus map for my parents who are visiting next month. can u email it?,Admissions,Low
2213,The lock on the main entrance of the female-only dorm is broken and anybody can walk in. It's 11 PM and we feel unsafe.,Student Housing,High
7287,My financial aid package hasn't been disbursed and I am unable to pay for my insulin without the refund check. The pharmacy deadline is tomorrow.,Finance Office,High
3267,I noticed an error in my student record. it says i am a junior when i am actually a sophomore.,Admissions,Medium
3953,My transfer application requires my current grades by noon today or it will be discarded. The admissions office has them but hasn't uploaded them.,Admissions,High
255,admissions portal document upload status unclear,Admissions,Medium
1671,library book reservation confirmation delayed,Library,Medium
5736,application checklist resets unexpectedly,Admissions,Medium
3845,"Admissions document upload failing, deadline in 24h.",Admissions,High
1856,Can I get a discount on my tuition if I am a part-time student?,Finance Office,Low
3216,"Admissions office, I received my visa documents but they have the wrong date of birth. I need a corrected version within 24 hours.",Admissions,High
2439,library e-resources not accessible,Library,Medium
5167,the library's rare book collection is being exposed to direct sunlight because the automated shades are stuck open. this is permanent damage.,Library,High
3648,The bursar's office sent my account to collections by mistake. I need this reversed today before it hits my credit score.,Finance Office,High
964,is there a way to reserve the group study room for next month? i want to be early.,Library,Low
3115,the vpn is down and i need to access the lab database for my project which is due tomorrow morning at 8am. i am very calm.,IT Support,High
1003,password reset link expires too soon sometimes,IT Support,Medium
432,I would like to know the deadline for applying for a student leadership position on campus.,Administration,Low
4868,MY LIFE IS OVER IF I CANT GET THE DIMENSIONS OF THE DORM BED FOR MY NEW SHEETS TODAY!!!!,Student Housing,Low
3801,I am an international student and I'm confused about the work-study eligibility requirements.,Finance Office,Medium
2040,Is there any information on the brand of cleaning supplies used in the academic office bathrooms?,Academic Office,Low
3310,I am unable to see my student health records and I need to provide them for my clinical placement by 5 PM today.,Administration,High
3836,double charged admission fee before deadline,Admissions,High
650,i'm having trouble with the library's wifi. it's very slow today.,IT Support,Low
7840,billing statement unclear needs explanation,Finance Office,Medium
661,How do I apply for the university's award for excellence in student academic leadership?,Academic Office,Low
8369,pls HELP what time library open???,Library,Low
7063,i want to know if the admissions office has any spare stickers with the old university logo? thx.,Admissions,Low
1710,I would like to request a copy of the university's policy on animal welfare in research.,Academic Office,Low
5805,The student portal is giving me a 403 error on the final day of scholarship applications. I have 3 hours left. i am quite calm.,IT Support,High
5972,i'm having trouble downloading my tax form 1098-t from the portal. it says 'error 404'.,Finance Office,Medium
2347,I am writing to notify you that my application fee was charged three times on my bank statement. I would like a refund for the surplus.,Finance Office,Medium
1968,Can you please help me? My university account says I have a hold for a parking ticket that I already paid at the station.,Finance Office,Medium
1186,"hi, i never received my certificate for the leadership workshop i attended in march. could you check if it was mailed?",Administration,Medium
4601,i lost my room key at the gym and now i cant get into my room to get my meds. its 11pm. help pls.,Student Housing,High
439,the scanner on the second floor of the library is only saving files as JPEGs and I need them to be PDFs. how do i change the settings?,Library,Medium
1810,I have been locked out of the admissions portal while trying to submit my acceptance. The deadline is tonight at 11:59 PM.,Admissions,High
617,I'm having trouble understanding my financial aid package. The numbers don't seem to add up to what was promised in my initial letter.,Finance Office,Medium
1854,is there a way to request a specific room in the dorm or is it first come first served this year for everyone?,Student Housing,Medium
1234,The student portal keeps crashing when I try to pay my tuition. the deadline is in four hours and i don't want to lose my spot in the program.,IT Support,High
1033,My professor said they submitted my grade change three days ago but it’s still not updated on my transcript.,Academic Office,Medium
2796,I noticed that the light in the study lounge is flickering and it's making it hard to read my textbook.,Administration,Low
6738,The external hard drive at the IT help desk that I used to back up my files isn't showing up on my laptop anymore.,IT Support,Medium
140,I need to know if the university offers any workshops for students who are looking for jobs.,Administration,Low
6505,I'm having trouble with the online portal for my student virtual machine (VM) access.,IT Support,Medium
4989,"Good afternoon. I noticed a small error in my tuition statement for the upcoming semester. There is no rush, but I would like it corrected when possible.",Finance Office,Medium
5259,dorm minor plumbing issue request,Student Housing,Medium
2809,dorm AC not cooling properly,Student Housing,Medium
4623,I need to request an official transcript for a job application. How long does it take?,Academic Office,Low
2548,PLEASE!!!!!! I NEED TO KNOW IF I CAN BRING MY OWN CHAIR TO THE DORM ROOM I HATE THE ONE HERE!!!!!!!!,Student Housing,Low
2071,i am a new student and i don't know how to set up my student email account. can someone walk me through it?,IT Support,Medium
669,I would like to request a new chair for my dorm room as this one is broken.,Student Housing,Low
3024,The medical school application deadline is at 5 PM today and my internal university committee letter is still missing from my file.,Admissions,High
2878,I NEED TO KNOW IF THE UNIVERSITY HAS A SWIMMING POOL PLS ANSWER ASAP I AM SO EXCITED!!!!!,Admissions,Low
7880,PLEASE!!!!!! I NEED TO KNOW IF I CAN GET A DISCOUNT ON MY TUITION IF I PAY IN CASH I HAVE THE MONEY!!!!!!!,Finance Office,Low
5309,I need to find a quiet place to take a Zoom call for an interview. Are there booths in the library?,Library,Low
6644,i am calm but i need to report that my housing application was deleted from the server and the room selection starts in 1 hour.,Student Housing,High
7340,I would like to request a copy of the university's policy on business conduct.,Administration,Low
5793,"Tuition portal frozen, cannot pay.",Finance Office,High
4913,my laptop screen is flickering but only when i use the chrome browser. any tips?,IT Support,Low
1435,I'm having trouble with the online portal for my work-study timesheet.,Finance Office,Medium
4844,"The university's registration system has erroneously placed a financial hold on my account, preventing me from enrolling in the last available session for my required capstone course which closes in 1 hour.",Finance Office,High
5931,my graduation clearance was denied due to a missing transcript that was already verified today.,Administration,High
7444,is there a way to request a specific room in the dorm or is it first come first served for everybody?,Student Housing,Medium
148,low water pressure in dorm sink persists,Student Housing,Medium
5397,admission acceptance missing but deposit deadline today,Admissions,High
3863,URGENT!!!!! PLS HELP!!!! I NEED TO KNOW THE EXACT DIMENSIONS OF THE DORM DESK SO I CAN BUY A REALIY COOL MOUSEPAD PLS REPLY ASAP!!!!!!!!!,Student Housing,Low
6195,I noticed that the library catalog search is very slow today. It's taking a very long time to load any results from the digital search.,Library,Medium
1921,I would like to know if there is a delay in processing international student applications. My status hasn't changed in two months.,Admissions,Medium
5778,I would like to inquire about the possibility of living in the student apartments for the next year instead of staying in the dormitories.,Student Housing,Low
2786,my financial aid package was reduced because of a typo in my record. i need to appeal this tonight at the latest. very calm.,Finance Office,High
7195,I am writing to see if there is any update on my application for the graduate program in Data Science.,Admissions,Medium
244,"I am unable to access the MFA verification for my student email, and I have a remote proctored exam starting in 20 minutes.",IT Support,High
3228,portal crashed during assignment upload due tonight,IT Support,High
7334,room lock jammed cannot access dorm tonight,Student Housing,High
5852,PLEASE TELL ME RIGHT NOW IF THE DORM WALLS ARE WHITE OR OFF-WHITE OR I WILL NOT BE ABLE TO SLEEP!!!!,Student Housing,Low
230,I'm having trouble with the online portal for my math class. It won't let me upload my assignment because the file is too big.,IT Support,Medium
6394,I noticed that the water in the dorm communal bathroom is very hot and it seems dangerous.,Student Housing,Medium
5946,OMGGGGG I AM LITERALLY SCREAMING THE LIBRARY IS TOO COLD I CANT EVEN TYPE MY HANDS ARE SHAKING PLS TURN THE HEAT UP NOW!!!!!!!,Library,Low
1669,door lock broken cannot enter dorm late night,Student Housing,High
8470,I would like to inquire about the possibility of changing my major to Physics. What are the specific requirements for internal transfer?,Academic Office,Medium
8853,I missed the housing lottery due to a tech error on the site. I don't want to end up in a triple room next year.,Student Housing,Medium
3061,"I noticed that my middle name is missing from my official record, and my professional license application is being rejected because of it.",Academic Office,High
7789,I need to talk to someone about my student loan; I'm having trouble making the payments.,Finance Office,Medium
6426,The digital database for JSTOR keeps logging me out every 5 minutes even when I select 'Keep me logged in'.,Library,Medium
3613,I would like to inquire about the possibility of paying my tuition in installments. My financial situation has changed.,Finance Office,Medium
6366,I locked myself out of my room and I left a candle burning on my desk. I need a master key right now.,Student Housing,High
2928,i am stuck in my dorm room because the electronic lock is malfunctioning. i have a medical appointment in 10 minutes.,Student Housing,High
4254,I would like to request a list of all current student clubs and their contact information.,Administration,Low
4364,I am being harassed by a student in my dormitory and I feel unsafe staying in my room tonight.,Student Housing,High
3901,clarification on grade policy,Academic Office,Low
2589,"Hello, I am reporting that the front door lock to my apartment is feeling very loose and I am worried it won't lock properly tonight.",Student Housing,Medium
311,PLEASE HELP ME!!!!!! I ACCIDENTALLY EMAILED MY ART HISTORY PROFESSOR A PICTURE OF MY LUNCH INSTEAD OF MY ESSAY I AM SO EMBARRASSED!!!!!!!!,IT Support,Low
4510,I AM FREAKING OUT BECAUSE I FORGOT TO ASK IF THE FINANCE OFFICE USES STAPLES OR PAPERCLIPS FOR THEIR FILING!!!!!,Finance Office,Low
5132,Is the library hiring for the summer break?,Library,Low
3504,I am a new international student and I'm not sure how to set up my student email account. Can someone help me?,IT Support,Low
419,MFA code not coming to my phone. I have a submission due at midnight and I'm locked out of everything.,IT Support,High
5698,exam timetable conflict unresolved and exam is tomorrow morning,Academic Office,High
1872,The student portal is displaying my social security number on the profile page. This is a severe breach and needs a fix now.,Administration,High
5518,i'm looking for the name of the person who designed the library's stained glass windows from 1950.,Library,Low
3215,Dorm heating broken.,Student Housing,Medium
3737,"hi, i noticed a small crack in the window of the student lounge. it's not letting air in yet but it should probably be fixed soon.",Administration,Medium
1825,The shower curtain in my dorm bathroom is moldy.,Student Housing,Low
6605,I'm having trouble with the online portal for my student data storage account.,IT Support,Medium
5000,academic office grade submission pending approval,Academic Office,Medium
7038,I would like to request a copy of the university's organizational chart.,Administration,Low
5162,hi id like to know the policy for bringing a mini fridge to my room? i'm buying one tomorrow.,Student Housing,Low
1161,"lost ID card, need replacement",Administration,Medium
2608,the library printer is jammed and i have 5 mins until my class starts.,Library,Medium
5870,"I'm sorry to bother you, but I just noticed my enrollment for the bar exam prep course closes in 20 minutes and my tuition payment is still showing as failed. I cannot afford to miss this deadline for my career.",Finance Office,High
3208,My digital student ID is not generating a QR code. I cannot enter the building for my proctored final exam.,IT Support,High
4715,finance office billing info showing partial data,Finance Office,Medium
2373,i received a 'failure to graduate' notice today but i have all my credits. commencement is in 48 hours. help!!,Academic Office,High
6233,is there any way to get a copy of the syllabus for the 'Introduction to Film' course from 2021?,Academic Office,Low
5985,I would like to request a copy of the official university mission statement for a class project.,Administration,Low
794,application portal removed uploaded files before deadline,Admissions,High
2792,The scholarship application window closes at midnight and the website is not allowing me to upload my references.,Finance Office,High
4508,the main switch for the campus network is sparking. we need an electrician and it support to the data center ASAP.,IT Support,High
846,i'm tryin to figure out how to reset my student email password bc i forgot it again. no rush for this.,IT Support,Low
5040,Can I get a list of all the student organizations that are focused on student entrepreneurship?,Administration,Low
5097,There is an active electrical short in the kitchen. Sparks are flying from the stove every time it's turned on.,Student Housing,High
5158,MY ACCOUNT IS LOCKED AND I HAVE A PROCTORED EXAM STARTING IN 5 MINUTES!!!! PLS HELP ME ASAP!!!!!!,IT Support,High
8322,the portal says my tuition is unpaid but i have the bank confirmation. registration for my required seminar closes in 1 hour.,Finance Office,High
134,"Admissions deadline today, can't submit.",Admissions,High
4498,I would like to inquire about the scholarship application process for transfer students.,Admissions,Low
5343,I am unable to download the required software for my 8 AM exam tomorrow. The license server is down.,IT Support,High
5123,idk how to check if a book is available in the library from my phone. is there an app i should download?,Library,Low
3260,The system for processing transcript requests is down and i need mine for my law school app due in four hours.,Academic Office,High
5597,I'm having trouble with the online portal for my student alumni association enrollment account.,Administration,Low
2227,my laptop is making a weird clicking noise but it still works. what should i do?,IT Support,Low
6467,The Wi-Fi in the library is down and I have a paper due in an hour. Can someone please fix it?,IT Support,High
734,"I am being charged for a dorm room I moved out of months ago. The $3,000 balance is preventing my transcript release for a job.",Finance Office,High
4067,how do I request a printed syllabus?,Academic Office,Low
6430,the heater in my room is making a very loud clicking sound and i haven't been able to sleep for three nights. can maintenance check it?,Student Housing,Medium
1771,please note that the dormitory elevator is stuck between floors with three people inside.,Student Housing,High
6742,I would like to request an extension for my final project for my math class. I've been having a lot of trouble understanding the material.,Academic Office,Medium
8899,MFA code not working and assignment due soon,IT Support,High
4378,admin office hours?,Administration,Low
3174,I'd like to request a formal copy of my transcript to be sent to a potential employer by the end of the week.,Academic Office,Medium
518,"Dorm light fixture broken, need repair asap.",Student Housing,Medium
1422,I CANT FIND THE LINK TO THE VIRTUAL CAMPUS TOUR AND I PROMISED MY MOM WE WOULD WATCH IT!!!!!!!,Admissions,Low
2531,hello the system is not allowing me to submit my final thesis and the deadline is in exactly 2 hours. could someone look into this portal error please.,IT Support,High
7220,My scholarship was not applied to my account and I have a registration hold. Enrollment for the final required course for my major closes tonight.,Finance Office,High
4676,the keycard reader for the bike storage unit is blinking red and wont let anyone in. been like this since morning.,Administration,Medium
805,i lost my physical id card but i have a digital copy on my phone. can i use that to enter the library tonight?,Administration,Medium
6343,I noticed that the temperature in the library is very cold today. Is the heating system working properly?,Library,Low
276,"The bursar's office is showing a $1,000 late fee on my account even though i paid early. registration for graduation is today. i am calm.",Finance Office,High
5193,I need an official letter confirming my enrollment status.,Administration,Medium
19,library website not loading,Library,Medium
3979,I noticed that the light in the library is flickering and it's making it hard for me to concentrate on my homework.,Library,Low
2171,idk why but the printer on the 3rd floor is printing every page with a weird black streak down the middle. fix it asap pls.,IT Support,Medium
8575,"The international student portal is rejecting my visa scan, and my mandatory check-in deadline is in 12 hours. I will be out of status if this is not resolved.",Admissions,High
525,I need to drop a course but the add/drop period ends at 5:00 PM today and the system says I have a 'financial hold' that I already cleared.,Academic Office,High
4496,my id card photo is from 4 years ago and i look totally different now. can i get a new one for my final year?,Administration,Low
7914,The university's system for processing transcript requests is down and i need mine for my job application which is due in 3 hours. i am calm.,Academic Office,High
5377,i'm tryin to find the library's policy on borrowing laptops for the weekend. can i take one home?,Library,Medium
2208,PLEASE!!!!!! I NEED TO KNOW IF THE LIBRARY HAS ANY FREE SNACKS FOR FINALS WEEK I AM SO HUNGRY!!!!!!!,Library,Low
453,i'm tryin to figure out if i can get a bigger desk for my room bc this one is tiny. no rush tho.,Student Housing,Low
7405,do i need to wear a suit to the dean's welcome dinner or is business casual okay?,Administration,Low
7848,I am writing to inquire about the dates for the winter break. Thank you.,Administration,Low
6928,application documents uploaded but status unclear,Admissions,Medium
88,The university's system for submitting doctoral dissertation abstracts is down and the deadline for graduation is in 3 hours.,Academic Office,High
6040,The student portal is down for maintenance and I need to submit my final project by midnight. Is there another way to submit it?,IT Support,High
1601,my laptop battery is dying and i forgot my charger. does the library lend them out for a few hours?,Library,Medium
7954,I need to report a possible security breach on the student portal. I saw sensitive information that doesn't belong to me.,IT Support,High
77,locked out of dorm at night and no access available,Student Housing,High
6566,i lost my library card. how much does a replacement cost?,Library,Low
7173,assignment submission confirmation not received,Academic Office,Medium
1098,i need my mfa reset immediately as i am locked out of the medical portal for my clinical shift starting in 1 hour.,IT Support,High
6747,Admissions portal rejects document upload.,Admissions,High
7821,library quiet study room availability?,Library,Low
745,How do I apply for the honors program as a sophomore student?,Academic Office,Low
1885,I am an international student and I need to know the process for getting a Social Security Number.,Administration,Medium
7269,I would like to formally request a name correction on my student records to match my legal passport. The middle name is currently misspelled.,Administration,Medium
8684,finance office tuition payment status unclear,Finance Office,Medium
1976,library opening hours during holidays,Library,Low
5845,The system keeps saying 'file too large' when I try to upload my 2KB word doc for the admissions essay. The deadline is in 10 minutes.,Admissions,High
5768,I'm having trouble understanding my 1098-T tax form. Who can I speak with regarding this?,Finance Office,Low
7301,can u tell me if the library has any copies of the latest harry potter book? i want to read it for fun lol.,Library,Low
2773,I received an email stating that my student account has been charged for a library fine for a book I never checked out. I need this corrected so I can register for classes tomorrow.,Library,Medium
6540,I am writing to politely request a name correction on my student records. My last name is misspelled on the official roster.,Administration,Medium
1963,PLEASE!!!!!! I NEED TO KNOW IF I CAN BRING MY DOG TO THE CAMPUS FOR A VISIT I LOVE MY DOG SO MUCH!!!!!!!,Admissions,Low
2871,i want to know the policy for bringin a pet fish to the dorms? idk if i need a permit or what.,Student Housing,Low
6051,system crash occurred mid submission just before deadline,IT Support,High
7803,pls issue student certificate,Administration,Medium
1862,"Account locked, MFA not received.",IT Support,High
1172,fee waiver not applied yet in portal,Finance Office,Medium
196,I would like to inquire about the dates for the winter break for the next academic year.,Administration,Low
4084,"I received an email stating that my scholarship award has been reduced, but I haven't changed my enrollment status. I need this resolved today to pay my tuition by the deadline.",Finance Office,High
3280,The lock on my dorm room door is broken and i cannot get out. i have a medical appointment in 20 minutes.,Student Housing,High
798,is there any way to change my meal plan from 10 meals a week to 15? i am always hungry.,Student Housing,Medium
8315,i cant login to the lms and my final exam starts in 10 mins pls help!!,IT Support,High
2235,i accidentally spilled coffee on my laptop and now i cant access my digital textbook which i need for my quiz in 20 mins. pls help.,IT Support,High
476,The radiator in my room is making a very high-pitched whistling noise. It's quite loud and making it hard to sleep.,Student Housing,Medium
7594,i need help finding some research articles for my psychology paper. are there any librarians available tomorrow?,Library,Medium
531,The system for processing internship applications is down and the deadline for the summer semester is in 4 hours.,Academic Office,High
2621,"I have been charged for a 'Damaged Furniture' fee in my room, but the desk was already scratched when I moved in.",Finance Office,Medium
4684,IT portal login success partially blocked,IT Support,Medium
53,The scholarship disbursement portal is down and i need to verify my funding for my landlord by 5pm today. i am calm.,Finance Office,High
3214,dorm maintenance ticket not fully resolved,Student Housing,Medium
4234,I would like to know the current waitlist status for the freshman housing.,Admissions,Low
474,URGENT!!!!! IS THE GYM OPEN ON LABOR DAY I NEED TO WORK OUT PLS RESPOND ASAP!!!!!,Admissions,Low
8558,I would like to know if the university has any programs for students who are looking for part-time jobs off-campus.,Administration,Low
278,I'm having trouble with the online registration for my spring classes. it keeps saying i have a hold for a library book I already returned to the library.,IT Support,Medium
8888,The student housing heater is emitting a strong electrical burning smell. It's too hot to touch.,Student Housing,High
4849,"locked out of dorm room late at night, no access",Student Housing,High
2083,I would like to inquire about the possibility of living in the single-room dorms for the next academic year.,Student Housing,Low
5160,I am writing to report a discrepancy in my financial aid award letter. the grant is not appearing on the bill due today.,Finance Office,High
8348,Is there a specific policy regarding bringing guests into the residence halls during the summer break?,Student Housing,Low
3542,I need a copy of my official transcript for my scholarship application.,Administration,Low
7496,The bursar's office has misplaced my scholarship check of $5000 and my tuition is now showing as unpaid on the final due date today.,Finance Office,High
7580,I'm having trouble with the online portal for my student data storage request account.,IT Support,Medium
7755,library group study room guidelines,Library,Low
143,I am having trouble logging into the campus Wi-Fi. It says my password is incorrect but I just changed it.,IT Support,Medium
4351,My cloud drive just showed 'empty' for my final project folder. It's worth 40% of my grade and due at 5 PM.,IT Support,High
3903,Are there any student positions available at the campus bookstore for the spring semester?,Administration,Low
497,PLEASE HURRY THE PRINTER IN THE LIBRARY IS SMOKING AND I NEED MY HANDOUTS FOR MY PRESENTATION IN 10 MINUTES!!!!!,Library,Medium
854,I noticed that the water in the dorm communal bathroom is very hot and it seems dangerous for students.,Student Housing,Medium
7216,I would like to request a new lamp for my dorm room because my current one is flickering.,Student Housing,Low
6387,library reading event schedule inquiry,Library,Low
8212,i think i submitted the wrong version of my thesis to the registrar and the portal just closed for graduation. i am very calm about this but it needs to be fixed today.,Academic Office,High
3145,i think there is a typo in my middle name on the official transcript i just recived. can u fix it?,Administration,Medium
2563,i'm havign trouble with the library's wifi it keeps droppin my connection every five minutes and i have a zoom class.,IT Support,Medium
4725,I would like to inquire about the status of my tuition refund. It's been several weeks since it was processed.,Finance Office,Medium
235,I noticed that the light in the student lounge is flickering and it's making it hard to read.,Administration,Low
7157,there is a large puddle in front of the South Dorm entrance that never goes away. it's a slip hazard and it smells.,Student Housing,Medium
3277,"The bursar's office incorrectly charged me $4,000 for out-of-state tuition when I am a resident. I need this corrected before my bank account is debited tomorrow morning.",Finance Office,High
48,I lost my physical student ID card. Can I use the digital version to get into the gym until I get a replacement?,Administration,Low
7053,official transcript formatting slightly off,Administration,Medium
6653,I would like to request a copy of the university's policy on student health insurance from the administration office.,Administration,Low
2321,my laptop is making a weird buzzing sound when i plug it in. is that dangerous?,IT Support,Medium
8474,I would like to request an emergency loan as my parents' house was just destroyed and I have no way to pay for food this month.,Finance Office,High
4742,I noticed an error in my student record. it says i am a junior when i am actually a senior student in the art major.,Admissions,Medium
8920,I AM LITERALLY IN TEARS BECAUSE I DONT KNOW IF THE ADMISSIONS OFFICE LOUNGE HAS VELVET CHAIRS!!!!!,Admissions,Low
1454,i'm having trouble with the printer in the library. it's making a loud grinding noise and not printing anything.,Library,Medium
7593,application status shows duplicate review stages,Admissions,Medium
5869,refund amount seems slightly off,Finance Office,Medium
6551,There is a dead bird on the balcony of my dorm. It's really gross. Can someone remove it?,Student Housing,Low
8202,I missed my admission interview because the university sent the wrong Zoom link. My final evaluation deadline is today.,Admissions,High
4665,how to check academic calendar for optional events,Academic Office,Low
2454,i'm having trouble with the wifi in my dorm room. it's very slow and i can't watch my lectures for bio class.,IT Support,Medium
6525,application portal deleted docs before cutoff,Admissions,High
2540,Are there any student positions available at the campus dining hall for the fall semester?,Administration,Low
7967,what is grading scale?,Academic Office,Low
723,i would like to report a broken lightbulb in the common area of the dormitory. it's not a safety issue but it's dark.,Student Housing,Medium
2681,I'm having trouble with the online portal for my student health insurance enrollment account.,Administration,Medium
1908,"The fire alarm in building C is chirping every 30 seconds. It is quite distracting for my studies, though not an emergency. Could someone change the battery this week?",Student Housing,Medium
1295,hi can someone tell me if the student gym has lockers or if i need to bring my own padlock? thanks.,Administration,Low
8692,i'm having trouble with the university's wifi in the library it's very spotty and keeps dropping my zoom call for class.,IT Support,Medium
7167,finance office tuition invoice explanation,Finance Office,Medium
3499,i am calm but i need my mfa reset because i lost my phone and i have a timed lab assignment starting in 30 minutes.,IT Support,High
7316,i need to inform you that my financial aid has been completely withdrawn 24 hours before the payment deadline.,Finance Office,High
7900,"My bank confirmed the tuition payment went through, but the university still shows me as 'Unpaid' and is threatening to cancel my classes tonight.",Finance Office,High
4366,I need help with my application for a student scholarship for students in the physical and natural sciences.,Finance Office,Low
8600,I need help with my application for a student scholarship for student athletes.,Finance Office,Low
2437,fee payment failed and enrollment blocked immediately,Finance Office,High
3930,I'm having trouble with the online portal for my student ID card replacement account.,Administration,Low
2752,"Hi, i want to change my dorm room for next semester. what is the process?",Student Housing,Low
6429,I'm having trouble with the online payment system for tuition.,Finance Office,Medium
3437,"Tuition statement shows incorrect charges, pls review.",Finance Office,Medium
6073,Grades for final exam missing in system.,Academic Office,High
8102,"Forgot MFA code, can't access portal.",IT Support,High
5073,I'm having trouble with the online portal for my student high-performance computing request account.,IT Support,Medium
1557,my roommate and i are not getting along and we would like to request a formal mediation session.,Student Housing,Medium
3837,"My graduation audit is showing that I am missing a core requirement, but I already took that class and have the grade. Graduation is in two days.",Academic Office,High
7410,I'm having trouble with the online portal for my student software downloads.,IT Support,Low
8399,library info about printing services,Library,Low
7159,my student housing account has been charged for a room i never occupied and payment is due today.,Finance Office,High
1389,"Hey, the vending machine in the library lobby took my $2 and didn't give me my Cheetos. Can I get a refund somehow?",Finance Office,Low
3857,URGENT PLS HELP ME I CANT FIND THE PURPLE HIGHLIGHTERS IN THE STUDY STORE I AM LITERALLY GOING TO CRY PLS REPLY ASAP!!!!!!!!!,Administration,Low
8912,the admission portal is showing a message that my application was rejected but i never finished submitting it. is this a glitch??,Admissions,High
8524,I would like to request a copy of the university's policy on solicitation and distribution.,Administration,Low
8174,exam enrollment failed and deadline within hours,Academic Office,High
3218,I would like to request a copy of the university's policy on mobile device use and security.,IT Support,Low
2207,light flickering in room,Student Housing,Medium
2968,I would like to request a new laundry bag for my dorm room.,Student Housing,Low
183,my professor said they submitted my grade change two weeks ago but it still hasn't updated on the portal.,Academic Office,Medium
1340,I mistakenly sent my tuition payment to the wrong university department. How can I redirect the funds?,Finance Office,Medium
1907,"hi, i would like to change the middle initial on my official student record from J to K. there is no rush for this change.",Administration,Low
7672,The toilet in my dorm is overflowing and I cannot find the shut-off valve. Water is starting to enter the hallway.,Student Housing,High
4516,I am calm but i need to report that my password was changed without permission and i cannot access my final project due in 2 hours.,IT Support,High
3841,How do I apply for the university's research grant for undergraduate students?,Academic Office,Low
1999,"hi, just wonderin if the library haz any staplers i can borrow?? idk where they are.",Library,Low
3400,The library's network has been compromised and I think someone is intercepting student logins.,Library,High
7078,my student visa is expiring tomorrow and i still haven't received the i-20 form from the admissions office.,Admissions,High
1414,the tuition payment gateway is returning a 500 server error and my payment is due by 5pm today to avoid my enrollment being cancelled.,Finance Office,High
5871,pls tell me library opening hours today asap!!!,Library,Low
135,how do i change my mailing address for my diploma? i'm moving to a new apartment next month.,Academic Office,Low
6697,I'm unable to connect to the VPN from my home network. It was working yesterday but today it keeps timing out.,IT Support,Medium
1891,"The bursar's office is showing a $2,000 balance for my account for a class i dropped. today is the final payment day. i am calm.",Finance Office,High
6851,could u tell me if the library has the 3rd edition of the chemistry textbook by smith?,Library,Low
92,library info on group study room rules,Library,Low
161,I'm having trouble with the online portal for my history class. It won't let me upload my final paper because the file is too big.,IT Support,Medium
3008,The library's emergency exit is blocked by a pile of books from a collapsed shelf. This is a massive fire hazard.,Library,High
5507,payment system error blocks tuition submission today,Finance Office,High
7888,quiet hours policy in dorm?,Student Housing,Low
4734,The printer in the library just ate my last $2 and didn't print my assignment.,Library,Medium
8203,required docs for admission?,Admissions,Low
3653,"Exam registration portal shows missing prerequisites, pls advise.",Academic Office,Medium
5212,I'm having trouble with the air conditioning in the library. It's very hot and making it hard to study.,Library,Medium
8867,my scholarship was revoked because of a clerical error in my gpa calculation. i need this fixed before i lose my enrollment.,Finance Office,High
2246,Tuition payment pending even after confirmation from bank.,Finance Office,High
1282,The air conditioning in the library is too cold. Can you turn it down?,Library,Low
73,I'M PANICKING BECAUSE I CANT FIND THE LINK TO MY ONLINE EXAM AND IT STARTS IN TWO MINUTES HELP ME NOW!!!!!!!,IT Support,High
4660,academic office elective course query,Academic Office,Medium
3946,I NEED TO KNOW IF THE LIBRARY HAS ANY CALCULATORS FOR THE MATH EXAM IN 10 MINUTES PLS PLS PLS HELP!!!!!!!,Library,Low
1396,i am currently in the registration system but every class i click on says 'error 505'. registration for my major closes in 45 minutes.,IT Support,High
1,I need to find out where the bursar's office is located so I can pay my tuition bill.,Finance Office,Low
7213,"I received an email stating that my student ID card has been deactivated, but I haven't done anything wrong. I need this resolved so I can get into my dorm and eat.",Administration,High
6126,OMG URGENT!!!!!!!! I NEED TO KNOW IF THE CAFE HAS THE BLUE ENERGY DRINKS IN STOCK RIGHT NOW PLS HELP ME I AM DYING!!!!!!!!!,Student Housing,Low
4333,PLEASE HELP ME I ACCIDENTALLY EMAILED MY PROFESSOR A PICTURE OF MY CAT INSTEAD OF MY HOMEWORK CAN U DELETE IT!!!!!,IT Support,Medium
6552,"cannot access exam registration, closes tonight",Academic Office,High
4041,refund amount slightly incorrect,Finance Office,Medium
564,transcript delivery slower than expected,Administration,Medium
2342,I noticed that the light in the library stairwell is flickering and it's making me feel a bit dizzy.,Library,Low
1261,my professor says i failed the exam but i never even took it. i was in another class at that time.,Academic Office,Medium
5067,"Hi, I just wanted to report that the water pressure in the level 2 sinks is a bit low. No rush.",Student Housing,Low
2450,The university's system for processing transcript requests is down and i need mine for my job application which is due in 3 hours.,Academic Office,High
7187,I need help with my application for a student grant for travel to a professional conference.,Academic Office,Low
1615,someone is trying to break into my room through the window. i am locked in my bathroom and calling 911 but need security now!!,Student Housing,High
556,EMERGENCY!!!! I accidentally deleted my lab report and it's due in 2 hours can IT recover it pls???,IT Support,High
5880,I need to know the requirements for the university's Honors College.,Admissions,Low
2307,I am calm but the university's graduation application has misplaced my honors thesis approval and the deadline is today at 5pm.,Academic Office,High
7244,I need to talk to someone about my work-study position. My supervisor is not responding.,Finance Office,Medium
8760,my tuition payment was rejected because of a credit card limit. the deadline is tonight at 11:59. please tell me how i can pay otherwise so i dont get dropped from my classes.,Finance Office,High
50,i missed the deadline for the graduation application. is there anyway i can still apply?,Academic Office,High
6096,PLEASE HELP ME!!!!!!!! I CANT FIND THE LINK TO THE CAMPUS MAP AND I HAVE A TOUR STARTING SOON!!!!!!!!,Admissions,Low
689,I found a major security flaw in the library's login page that allows anyone to bypass the password. Needs fixing now.,IT Support,High
840,water pressure low in dorm shower,Student Housing,Medium
3583,my financial aid package is missing a grant that was previously included. please check this as soon as possible.,Finance Office,Medium
5468,idk how to find my student id number. i need it to log into the housing portal for my check-in.,Administration,Low
7387,I'm having trouble with the library's online catalog. It's not showing any books for my search terms.,Library,Low
1390,I am having trouble accessing my student email account on my new iPhone. It says the password is incorrect but it works on my laptop.,IT Support,Low
7868,The system for processing scholarship renewals is returning a database error on the final day of the cycle. deadline is today.,Finance Office,High
2467,Are there any quiet study areas in the library that are open on Wednesday nights?,Library,Low
4293,wifi dropped during assignment upload just now,IT Support,High
6313,door lock broken cannot enter dorm tonight,Student Housing,High
3574,I would like to request a copy of the university's policy on student housing from the student housing office.,Student Housing,Low
6921,I NEED TO SPEAK TO A SUPERVISOR!! I WAS OVERCHARGED $50 FOR A LATE BOOK I ALREADY RETURNED!! THIS IS THEFT!!,Library,Medium
256,The main water line in the dormitory has burst and multiple rooms are being flooded right now. We need an emergency plumber immediately.,Student Housing,High
2633,HELP!! I'm locked out of my dorm and I have a pizza being delivered in 5 minutes! I don't want it to get cold!!!,Student Housing,Low
7378,"I am writing to politely request a name correction on my official graduation certificate, as my middle name is misspelled. No rush for this.",Administration,Low
7414,i lost my physical id card but i still have the digital one. do i still need to pay the $25 replacement fee to get a new plastic one?,Administration,Medium
2403,I'm having a hard time using the VPN from my off-campus apartment. It keeps saying 'Authentication Failed'.,IT Support,Medium
321,The fire sprinkler in room 4B is dripping onto the electrical outlet. I am waiting in the hallway for a maintenance response.,Student Housing,High
1079,is there any way to see my gpa from last semester? the portal is showing 'pending' still.,Academic Office,Medium
8800,I am being asked to leave the university because of a disciplinary hearing I was never notified about. The hearing is in 1 hour.,Administration,High
4328,Water leak in dorm sink.,Student Housing,Medium
6356,i'm trying to use the university's online catalog but it's not working. it keeps giving me an error message.,Library,Medium
3442,i'm interested in the mba program. what are the requirements for admission?,Admissions,Low
7690,I need help with my application for a student scholarship for students in the natural and social sciences.,Finance Office,Low
678,tuition payment marked as processing for several days,Finance Office,Medium
8289,Someone left a pile of trash in the hallway of the dorm. It's starting to smell.,Student Housing,Low
4633,I received an acceptance letter but the link to pay the deposit is broken. The deadline is tomorrow at midnight.,Admissions,High
5459,I'm having trouble with the online portal for my student application programming interface (API) access.,IT Support,Medium
659,"Tuition portal freezing, can't complete payment.",Finance Office,High
5106,assignment feedback not appearing online,Academic Office,Medium
6751,I would like to inquire about the current status of my tuition refund. It's been several weeks since it was processed in the university's system.,Finance Office,Medium
7420,I am a prospective student and I'm confused about the application requirements for the architecture program.,Admissions,Low
2782,There is a massive leak in the student housing bathroom and the water is dripping into the ceiling of the floor below.,Student Housing,High
8055,Is there a way to request a late checkout for my dorm at the end of the semester? My flight is late in the evening.,Student Housing,Low
8,I need to report a broken elevator in the dorm. It's been out of order for three days.,Student Housing,Medium
8422,do i need to wear a suit to the dean's welcome dinner or is business casual okay? i want to look good.,Administration,Low
1458,i want to know if i can use the library if i am a graduate student from another uni.,Library,Low
504,Dorm faucet leaking water.,Student Housing,Medium
6483,My graduation status is showing as 'not cleared' despite having completed all requirements. Enrollment for my grad school closes tomorrow.,Academic Office,High
5300,I would like to request a copy of the university's policy on fire safety.,Administration,Low
5710,idk if this is the right place but my id card wont swipe at the cafeteria. can u fix?,Administration,Medium
1579,I would like to request a copy of the university's policy on data privacy.,IT Support,Low
2300,I am an international student and I'm having trouble with the health insurance requirement. I need a waiver approved by tomorrow to register for classes.,Administration,High
142,idk how to check the hours for the student health center. is it open on saturdays? help?,Admissions,Low
1765,pls provide general info on certificate collection,Administration,Low
8002,Can I use the library computers to play video games?,Library,Low
4448,how do i change my mailing address for my diploma? i'm moving to a new apartment next month and dont want it lost.,Administration,Medium
283,i am literalyl panicking because i dont know how to cite a youtube video in harvard style please reply ASAP!!!!!!!!!!,Library,Low
5478,payment gateway failed and enrollment is blocked today,Finance Office,High
7091,OMG I LOST MY ID AND I HAVE A DATE TONIGHT AND I CANT GET INTO THE MOVIE THEATER PLS HELP ME NOW!!!!!,Administration,Low
1573,the library's elevator is broken and i need to get to the fourth floor.,Library,Medium
1116,The system for processing internship applications is down and the deadline for the summer semester is in 4 hours. i need help.,Academic Office,High
24,I am an international applicant and I haven't received any word from the admissions office on whether my application is complete.,Admissions,Medium
2653,I noticed that the water in my dorm room is coming out brown. This is a health hazard.,Student Housing,High
879,i lost my student id card and i need it to get into the library to study for my final tomorrow. can i get a temporary one?,Administration,High
613,Dorm faucet leaking.,Student Housing,Medium
2617,Does the admissions office offer any tours for prospective students?,Admissions,Low
2712,dorm parking lot schedule information,Student Housing,Low
4017,how to attend optional academic lectures,Academic Office,Low
1782,The window in my dorm room won't close and it's raining in.,Student Housing,High
2552,can u tell me if the library has any copies of the latest hobbit book? i want to read it for fun lol.,Library,Low
6761,I am a prospective student and I'm confused about the application requirements for the honors program.,Admissions,Low
2002,i'm tryin to figure out how to get a student discount for the local cinema. do i need a specific id card or just any id?,Admissions,Low
6351,URGENT!! I forgot to update my mailing address for my acceptance packet. It's going to my old house across the country!!,Admissions,Medium
583,my student id card is not opening the door to the specialized engineering lab and my project is due tonight.,IT Support,High
8088,i want to know if i can take a gap year after my first semester? who should i talk to in administration? no hurry.,Academic Office,Low
4499,"The bursar's office is showing a $2,000 balance for my account for a class i dropped. tuition is due today at 5pm.",Finance Office,High
6730,library info on book borrowing extensions,Library,Low
7948,There is a massive sewage backup in the first floor communal bathroom. It is flooding into the hallway.,Student Housing,High
7908,I'm having trouble with the online portal for my student database hosting account.,IT Support,Medium
5200,i smell a chemical leak in the chemistry building basement. it's making people dizzy. we need help immediately.,Administration,High
787,syllabus link not working for some courses,Academic Office,Medium
5666,someone just sprayed pepper spray in the library. people are coughing and unable to breathe on the 3rd floor.,Library,High
4825,finance office payment confirmation request,Finance Office,Medium
3255,admission application update inquiry,Admissions,Medium
3045,how do i change my mailing address for my diploma? i'm moving next month.,Academic Office,Medium
3116,The library's inter-library loan portal is giving me an error message every time I try to submit a new request.,Library,Medium
3523,I found a person with a gun in the dorm parking lot. They are heading toward the entrance.,Student Housing,High
8256,Is there a specific brand of printer paper that the IT labs prefer for the heavy duty printers?,IT Support,Low
811,i'm tryin to find the library's policy on borrowing books from other universities in the state network. is it free for students?,Library,Medium
56,"hi, i'd like to know if i can take a placement test for japanese instead of starting at level 101. who do i talk to?",Academic Office,Low
1687,i'm havign trouble with the university's email on my phone it's not syncing any of my new messages from my prof.,IT Support,Medium
8715,My scholarship was canceled without notice and I cannot afford the tuition due at 5 PM today. I am extremely worried about being dropped.,Finance Office,High
3563,what electives are available next term?,Academic Office,Low
2123,URGENT!!!!! I NEED TO FIND A STUDY ROOM FOR MY GROUP RIGHT NOW BUT THEY ARE ALL FULL PLS KICK SOMEONE OUT HELP!!!!!!!,Library,Low
3020,The heater in my dorm room is making a loud clanking noise every 10 minutes. It's making it very hard to sleep or study.,Student Housing,Medium
7626,i think i dropped my student id in the dining hall. can u check the lost and found?,IT Support,Medium
8887,The ceiling in the campus administrative building is leaking onto the server racks. We need a disaster response team now.,IT Support,High
698,I would like to inquire about the criteria for the Dean's List for the current semester.,Academic Office,Low
547,"The bursar's office is showing a $2,000 balance for my account for a class i dropped. today is the final payment day.",Finance Office,High
413,I'm having trouble with the library's online book renewal system.,Library,Low
6095,The electronic lock on my room is showing a red light and won't open. My life-saving medication is inside.,Student Housing,High
409,There is a massive leak in the student housing bathroom and water is coming through the light fixture.,Student Housing,High
5452,The university's portal for international student health records is rejecting my covid vaccine card. the deadline is tonight.,Admissions,High
4634,"The professor changed the grading scale after the final, and I now fail the course. I need an immediate academic appeal before graduation.",Academic Office,High
5762,"The microwave in the dorm lounge is sparking when it's plugged in. It's not being used, but it seems like an electrical issue.",Student Housing,Medium
8793,I would like to request a letter of enrollment for my car insurance discount.,Administration,Low
2787,i'm tryin to figure out how to get a student discount for the local bus pass. do i need a form from the administration office?,Administration,Low
3931,I would like to request an official letter stating that my classes are held in person for my health insurance provider.,Administration,Low
8536,hey idk how to use the scanner in the library can someone walk me through it later today?,Library,Low
8303,Does the library have any private study booths available for phone interviews?,Library,Low
4689,I'm having a problem with the lock on my door. It takes about five minutes of jiggling the key to get it to open.,Student Housing,Medium
624,HELP ME PLEASE I NEED TO KNOW IF THE LIBRARY IS OPEN ON THE FOURTH OF JULY PLS PLS PLS!!!!!!,Library,Low
845,I am an international student and my wire transfer was lost. I need a payment extension today or my visa status will be terminated.,Finance Office,High
3128,The lock on my dorm room door is jammed and i am currently trapped inside. I have an in-person final starting in 20 minutes.,Student Housing,High
1267,I am having trouble accessing my student health records through the new portal. It says 'Account Not Found'.,IT Support,Medium
517,scholarship amount not reflected yet,Finance Office,Medium
7453,I'm having trouble with the course registration website. It keeps giving me an error code 500.,IT Support,Medium
8042,"hi, I missed the deadline to drop a class by 2 hours because my internet was down. is there any way to get a late drop?",Academic Office,Medium
2512,wardrobe door slightly misaligned in dorm room,Student Housing,Medium
2226,I AM FREAKING OUT BECAUSE I CANT FIND THE LINK TO MY ONLINE EXAM AND IT STARTS IN TWO MINUTES HELP ME!!!!!!!,IT Support,High
677,how do i pay my library fine for 2 dollars? i want to clear my account before next week's checkout.,Finance Office,Low
3182,I need to change my password but I don't remember my current one.,IT Support,Low
6440,Refund for overpaid tuition not reflected.,Finance Office,High
5788,I need to submit my immunization records but the system won't accept my PDF file.,Administration,Medium
3386,My dorm is flooding with sewage from the drain in the bathroom. It's a health hazard and I have nowhere else to go.,Student Housing,High
1895,I need to change my mailing address for my diploma. Can I do this through the portal?,Administration,Low
1378,I am unable to submit my final thesis and the portal closes in 45 minutes. Please assist immediately.,IT Support,High
3687,hey idk how to use the printer in the basement can u explain it to me?,Library,Medium
499,i'm havign trouble with the library's wifi. it keeps droppin my connection every five minutes and i have a zoom class later.,IT Support,Medium
2150,"Dorm AC broken, room very hot.",Student Housing,Medium
1890,The student portal keeps crashing when I try to pay my tuition. the deadline is in two hours and i don't want to lose my classes.,IT Support,High
2524,I forgot my physical ID card in my home country. Can I use a digital version for campus access?,Administration,Medium
147,The library's automated shelves are moving on their own and crushing books. We need an emergency shut-off.,Library,High
4881,I need help with my application for a student scholarship for students in the humanities and life sciences.,Finance Office,Low
4949,Is there a microwave available for student use in the library cafeteria area?,Library,Low
7666,I noticed that the printer in the study room is making a very loud grinding noise and it's very distracting when I'm trying to study.,Library,Low
4479,URGENT URGENT URGENT!!!! I NEED TO KNOW THE CAFE MENU FOR NEXT THURSDAY I HAVE A VERY IMPORTANT LUNCH PLAN PLEASE REPLY ASAP!!!!!!,Administration,Low
8806,my financial aid package was reduced because of a typo in the record. i need to appeal this tonight before the window closes.,Finance Office,High
3133,The lock on my dorm room door is broken and i cannot get out. i have a mandatory final exam starting in 30 minutes.,Student Housing,High
4741,can u help me find the link for the online application for the university's scholarship program?,Finance Office,Medium
176,How can I check the status of my admissions application?,Admissions,Low
702,Need transcript for scholarship.,Administration,Medium
2425,I noticed that the light in the library stairwell is flickering and it's making me feel a bit dizzy and lightheaded.,Library,Low
3636,The university's system for processing degree audits is showing a missing credit for a course i took in 2021. graduation check is today.,Academic Office,High
8893,ID replacement request taking longer than usual,Administration,Medium
4907,Good afternoon. I am reporting that my final dissertation portal is not accepting my PDF file and the deadline is in two hours. I have tried three browsers already.,IT Support,High
8882,installment payment option not loading properly,Finance Office,Medium
1327,transcript request taking longer than expected,Administration,Medium
7089,My student ID card was stolen and I'm worried someone might use it to access my dining hall credits. Can I deactivate it?,Administration,High
3429,i'm having trouble with the university's website. it's very slow and some pages aren't loading at all for my computer.,IT Support,Medium
2332,The main library doors are jammed shut and students are trapped inside after closing hours.,Library,High
3921,"I'm having a small issue with the printer on the second floor. It's not out of ink, but the paper is coming out slightly wrinkled. No rush at all.",Library,Low
1997,library printer not urgent but broken,Library,Medium
3656,I missed the deadline to apply for graduation by one day. Is there any way I can still apply for the spring commencement?,Academic Office,High
5275,I am a prospective student and I'm confused about the application requirements for the psychology program.,Admissions,Low
240,i'm tryin to find out if the admissions office is hirin for the tour guide position for the fall semester. let me know when u can.,Admissions,Low
5708,my student id card is not working at any of the gates and i am currently stuck outside the campus at midnight. very calm but need in.,Administration,High
5676,Does the student housing office have any recommendations for the best scent of room diffuser?,Student Housing,Low
71,i want to know if there are any student jobs available in the student housing office for the next semester. i need the money.,Student Housing,Low
3083,tuition payment confirmation not received,Finance Office,Medium
4428,I am an international student and my visa documents have not arrived yet. My flight is in 48 hours and I need the I-20 form today.,Admissions,High
5711,OMG I THINK I FORGOT TO SUBMIT MY HOUSING DEPOSIT AND THE PORTAL IS CLOSED HELP ME PLS!!!,Student Housing,Medium
8525,"The Wi-Fi in the North Dorms has been extremely slow for the last three days, making it hard to stream lectures.",IT Support,Medium
7145,I need help with my application for a student grant for research in the computer and information sciences.,Academic Office,Low
4202,My application status has been 'Under Review' for two months. Can I get an update?,Admissions,Medium
3767,I would like to request a new wastebasket for my dorm room because mine is broken and leaking.,Student Housing,Low
8772,i want to know the deadline for dropping a class without it appearing as a 'w' on my record.,Academic Office,Medium
5335,requesting ID card verification,Administration,Low
5792,the library search engine isnt showing any results for 'biomedical engineering' journals even though they were there yesterday.,Library,Medium
7336,I am locked out of the nursing portal. My clinical placement selection ends in 30 minutes.,IT Support,High
1600,dorm minor appliance usage info,Student Housing,Low
681,I'm having trouble with the online payment system for tuition. It keeps giving me a 'transaction declined' error even though my bank says it's fine.,Finance Office,Medium
7930,There is a major water leak in the student housing basement that is threatening the electrical systems. Please send emergency maintenance immediately!,Student Housing,High
2491,The toilet in my dorm room is running constantly.,Student Housing,Medium
3579,"hey, is it possible to get a list of all the student housing directors since the school opened?",Student Housing,Low
3826,I'm having trouble with the library's website. It's not loading on my laptop.,Library,Low
8276,I need help with my application for a student diversity award.,Administration,Low
2250,help!! the fire alarm in the library is malfunctioning and the sprinklers just went off in the server room!!,Library,High
819,i want to know if there are any student jobs available in the student housing office for the next semester.,Student Housing,Low
3433,"Tuition portal error, urgent fix.",Finance Office,High
824,I am an international student and my scholarship was just revoked. I will be deported if I don't pay the full tuition by 5 PM tomorrow.,Finance Office,High
5520,course capacity info unclear in portal,Academic Office,Medium
4971,helppp!! the portal is down and i need to pay my enrollment fee in 10 mins or i lose my spot!!,IT Support,High
3427,I'm having trouble connecting my PS5 to the dorm wifi. it says the security settings r wrong.,IT Support,Low
640,I am calm but the university's graduation application has misplaced my honors thesis approval and the deadline is today.,Academic Office,High
4879,exam clash unresolved and first exam is tomorrow morning,Academic Office,High
6437,I need to update my emergency contact information but the student record page is read-only for me.,Administration,Medium
8141,I was just told I cannot graduate because my transfer credits were never officially evaluated. Graduation is in two weeks.,Academic Office,High
4343,I am an international student and my scholarship was not applied to my account. I will be deported if my tuition is not settled by tomorrow.,Finance Office,High
138,The lock on my dorm room door is broken and i cannot get out. i have a medical appointment in 20 minutes. i am calm.,Student Housing,High
8635,I would like to request a copy of the university's policy on information systems access.,IT Support,Low
118,I'm having trouble with the library's search engine. It's not showing any results for the book I'm looking for even though the catalog says it's in stock.,Library,Medium
2580,My student ID was stolen and I need to deactivate it immediately so no one can use my meal swipes.,Administration,High
4605,application acceptance missing before final cutoff,Admissions,High
6213,"Forgot password and account locked out, need urgent access.",IT Support,High
1163,"Deadline approaching for submitting acceptance letter, help!",Admissions,High
1572,I noticed that the vending machine in the basement of building C is out of drinks.,Student Housing,Low
4712,can i bring a cat to my dorm if it is very small and quiet?,Student Housing,Low
3066,I'm having trouble with the online portal for my psychology class. It won't let me upload my assignment because the file is too big.,IT Support,Medium
359,hey can u help me find the link for the online application for the study abroad program?,Admissions,Medium
4122,i forgot my password and the reset link isnt sending to my email. tried like 5 times already.,IT Support,Medium
4806,"The tuition payment portal is currently returning a 500 Internal Server Error, and my payment is due by 5:00 PM today to avoid enrollment cancellation.",Finance Office,High
1352,"My graduation audit is showing that I am missing a core requirement, but I already took that class and have the transcript to prove it. Graduation is in three days.",Academic Office,High
5139,I'm having trouble with the library's online portal for access to digital collections of maps and atlases.,Library,Low
806,i'm tryin to figure out how to get a student discount for the local cinema. do i need a card or just my student id?,Administration,Low
3408,I am unable to see my final GPA and I need to report it for a scholarship that closes in 2 hours.,Academic Office,High
8646,my student email is full and i cant receive new messages. i think i missed some important uni updates.,IT Support,Medium
5992,student housing maintenance ticket status unclear,Student Housing,Medium
4413,I would like to know the policy for students who want to take a leave of absence for personal reasons.,Academic Office,Medium
5380,finance office tuition discrepancy inquiry,Finance Office,Medium
8480,i'm tryin to find out how to get a student discount for the local cinema. do i need a card or just my student id?,Administration,Low
5721,i need to pay my application fee but the credit card field isnt letting me type anything.,Admissions,Medium
212,Can someone tell me how to find my student ID number?,Administration,Low
5950,how to connect to campus wifi?,IT Support,Low
4077,I'm having a hard time logging into my student email. It keeps saying my password was changed but I didn't change it.,IT Support,Medium
7389,I am an international student and my enrollment verification for my visa renewal is due today at 5 PM. I cannot download it.,Admissions,High
6295,I found a bat in my room. I am concerned about rabies as it flew near my face while I was sleeping.,Student Housing,High
6871,I need help with my application for a student grant for research in the interdisciplinary and social sciences.,Academic Office,Low
2615,OMG I LITERALLY CANNOT FIND MY LUNCHBOX I LEFT IT IN THE LIBRARY PLEASE HELP ME ASAP!!!! I'M STARVING AND IT WAS EXPENSIVE!!!!,Library,Low
792,"hello, i wud like to know if the libary has any books on ancient mesopotamia for a hobby project im doing over the weekend.",Library,Low
4241,i want to know if there are any student jobs available in the student housing office for the next semester. no hurry.,Student Housing,Low
7256,i need to change my meal plan from 'Platinum' to 'Gold' but the portal says the window is closed. i just changed it last night.,Student Housing,Medium
4105,I missed the deadline to drop my course because of a system glitch. Now it's showing a 'Fail' and I will lose my financial aid.,Academic Office,High
8749,dorm AC temperature adjustment request,Student Housing,Medium
6334,heater in dorm works but not warm enough,Student Housing,Medium
8071,"Login failed, MFA not received.",IT Support,High
6984,"Library system slow, can't check out books.",Library,Low
6785,how to update personal info?,Administration,Low
1171,My scholarship was not applied to my student account and I have a registration hold. Tuition is due tomorrow morning at 12 PM.,Finance Office,High
3096,pls provide general guidance on certificate requests,Administration,Low
3939,my tuition payment was processed twice and now my bank account is overdrawn. i need an immediate refund please.,Finance Office,High
652,I NEED TO KNOW IF I GOT IN OR NOT THE PORTAL IS BLANK AND I AM DYING TO KNOW!!!!!,Admissions,Low
2384,The scholarship disbursement portal is down and i need to verify my funding for my landlord by 5pm today.,Finance Office,High
526,Admissions portal rejects documents.,Admissions,High
1314,My work-study earnings were capped early by mistake. I need this fixed to pay my housing bill due on Wednesday.,Finance Office,High
8026,I'm having trouble with the library's online portal for access to historical newspapers.,Library,Low
8511,Can someone tell me if the financial aid office is open on Saturdays during the summer?,Finance Office,Low
1818,my financial aid refund check was stolen from my mailbox and i need to stop payment on it before it is cashed tonight. i am calm.,Finance Office,High
1739,HELP HELP HELP!!! IS THE LIBRARY GOING TO BE CLOSED FOR THE HOLIDAYS IN 2027??? I MUST PLAN MY ENTIRE LIFE AROUND THIS!,Library,Low
2069,How can I change my meal plan for the second semester? I'm not using all my swipes.,Student Housing,Low
3240,general info on administrative procedures,Administration,Low
475,I would like to inquire about the possibility of living in the student apartments for the next year instead of staying in the dorms.,Student Housing,Low
1487,i missed the payment for my health insurance waiver and now i have a 2k charge. i have my own insurance. is it too late to fix?,Finance Office,Medium
4904,The university's credit card portal for tuition is charging a 10% fee by mistake. i need this corrected before i pay my balance tonight.,Finance Office,High
3220,I need to talk to someone about my transcript. I think one of my transfer credits was miscalculated.,Admissions,Medium
3918,I missed my financial aid meeting because I was ill. How can I reschedule?,Finance Office,Medium
335,academic support office info request,Academic Office,Low
7222,I would like to request a copy of the university's policy on institutional biological safety.,Academic Office,Low
841,dorm heating schedule information needed,Student Housing,Medium
4872,I am a prospective student and I'm confused about the difference between the 'early action' and 'early decision' tracks.,Admissions,Low
1855,the sink in my dorm is overflowing and flooding the floor right now. please send maintenance immediately.,Student Housing,High
5540,library resource access request partially successful,Library,Medium
8950,my canvas login says my account is disabled. i have a timed quiz that starts in 20 minutes and i need access now.,IT Support,High
573,The scholarship application portal is not accepting PDF uploads and today is the absolute final deadline.,IT Support,High
4261,I'm having trouble with the library's online portal for access to electronic books.,Library,Low
7518,I am an international student and my health insurance is showing as 'Expired' despite me paying the premium last month. I have a prescription I need to pick up today.,Administration,High
7991,Library computer slow.,Library,Low
5010,i'm having trouble with the university's email on my android phone. it is not syncing messages from my math professor. i am calm.,IT Support,High
6076,I would like to request a change of my major to Computer Science. What are the internal transfer requirements?,Academic Office,Medium
1006,I noticed that the university's emergency exits in the main administration building are chained shut tonight. This is a massive risk.,Administration,High
4116,I'm having trouble with the online registration for my spring classes. it keeps saying i have a hold for a library fine I already paid.,IT Support,Medium
902,my financial aid package is incorrect. i'm missing a grant that i was promised.,Finance Office,Medium
1260,The shower drain in my dorm bathroom is slow.,Student Housing,Low
8821,idk how to check if a book is available in the library from my phone. is there an app i should use or just the website?,Library,Low
5054,MFA not working and cannot submit assignment due soon,IT Support,High
2911,dorm mailbox access hours,Student Housing,Low
1067,I am having trouble finding the correct citation style for my bibliography. Can a librarian help?,Library,Low
4462,"I would like to report that my work-study paycheck was never deposited, and I am unable to pay for my commute to campus starting tomorrow.",Finance Office,High
40,i'm looking for a quiet study space in the library. are there any areas that are designated for silence?,Library,Low
4205,The vpn is not working and i have a deadline for my programming assignment in three hours. i have tried restarting my machine.,IT Support,High
2315,library overdue fee question,Library,Low
2324,dorm shuttle info request,Student Housing,Low
5824,i need my official transcript stamped by the administration office. the deadline for my scholarship application is tomorrow afternoon.,Administration,High
2908,i want to know the policy for reserving a study room for a group project next week.,Library,Medium
7462,"The system is failing to recognize my minor in Chemistry, and it’s blocking my graduation clearance due this afternoon.",Academic Office,High
6974,"I would like to request a copy of the university's policy on equity, diversity, and inclusion.",Administration,Low
606,The exhaust fan in my dorm bathroom is loud.,Student Housing,Low
8251,PLEASE!! I need to update my social security number on my application because I made a typo and I'm worried it will cause issues.,Admissions,Medium
7961,"The student portal says I am not eligible for graduation because of a missing core class, but I transferred that credit in last year. I need this fixed today so I can walk in the ceremony tomorrow.",Academic Office,High
5017,The heater in my room is making a high-pitched screaming noise and I think it's going to explode. It's glowing red.,Student Housing,High
648,how do i change my mailing address for my diploma? i'm moving to a new apartment next month and i don't want it to get lost.,Administration,Medium
3875,academic office info about student mentorship,Academic Office,Low
2158,admission fee receipt missing,Admissions,Medium
567,the sink in my dorm room is leaking water and it's making a mess. can someone fix it?,Student Housing,Medium
6375,"Admissions deadline today, can't upload documents.",Admissions,High
3964,I AM SO FRUSTRATED!! The system is blocking me from adding a class because of a 'Time Conflict' that doesn't exist!!,Academic Office,Medium
3614,I'm looking for a tutor for my Calculus II class. Who can I contact?,Academic Office,Low
1410,OMG MY MEAL PLAN BALANCE IS WRONG BY FIVE DOLLARS I AM SO MAD PLS FIX THIS RIGHT NOW HELP!!!!!,Finance Office,Low
1432,The official university system for submitting medical immunization records is showing a database error and the deadline to avoid registration cancellation is at 5:00 PM today.,IT Support,High
2981,"door lock malfunction, unable to enter room tonight",Student Housing,High
1230,the main power grid to the library study center just failed and it's pitch black in here during finals week.,Library,High
4011,The main gas line in the dormitory kitchen is leaking and i can smell it very strongly. we need to evacuate the building now.,Student Housing,High
8433,I noticed that the light in the communal bathroom is out. It is very dark and I'm worried about someone falling and getting hurt badly.,Student Housing,Medium
8689,The fire sprinkler in my dorm room is currently discharging water and my computer is getting soaked. I am currently standing in the hall.,Student Housing,High
5544,There is a person in my dorm room who shouldn't be here and they refuse to leave. I feel very unsafe. Please send security immediately!,Student Housing,High
7022,Exam registration error.,Academic Office,Medium
8338,I would like to know the deadline to register for classes for the coming academic semester.,Academic Office,Low
2918,I noticed an error in my student record. it says i am a junior when i am actually a senior student in the psychology major.,Admissions,Medium
5602,I AM ABSOLUTELY DONE!! THE LIBRARIAN TOLD ME TO BE QUIET BUT THE PEOPLE NEXT TO ME ARE SCREAMING AND NO ONE IS DOING ANYTHING!!,Library,Medium
7733,hi i have a question about my degree progress report. it says i need to take 'Ethics' but i already took it last year.,Academic Office,Medium
426,The enrollment portal is returning a 505 error on the final day of registration. I have 2 hours left before the window closes forever.,IT Support,High
4821,My room has a major mold infestation that just caused me to have an asthma attack. I need an emergency room change today.,Student Housing,High
2628,How do I sign up for the campus fitness classes for the fall semester?,Administration,Low
7813,How do I update my graduation date? It says 2024 but I will finish in 2025.,Academic Office,Medium
7751,someone hacked into the university's grade database and is changing people's grades. i saw my gpa drop by 1.0 today.,IT Support,High
5510,I AM LITERALLY SOBBING!! I APPLIED FOR A SINGLE ROOM BECAUSE OF MY ANXIETY BUT I GOT PLACED IN A QUAD!! PLEASE HELP ME!!,Student Housing,Medium
1550,I would like to inquire about the requirements for graduating with honors in the Biology department.,Academic Office,Low
2718,I am an international student and my health insurance is showing as active but i was charged for a duplicate policy.,Finance Office,Medium
8337,Admissions: The scholarship link for international students is broken and the deadline is in 1 hour. pls help.,Admissions,High
3887,I would like to request a copy of the official university mission statement for a class project I'm working on.,Administration,Low
8490,URGENT: I need to know the exact dimensions of the desks in the library quiet zone immediately for my setup!!!,Library,Low
3457,the wifi in the student union is slightly slower than usual today. maybe check the router?,IT Support,Low
2935,I would like to know the deadline for applying for a student teaching position.,Academic Office,Low
8947,The water heater in the basement exploded. There is boiling water spraying everywhere and the building is losing heat.,Student Housing,High
4418,I'm having trouble with the online application for a student job.,Administration,Low
3766,pls provide general admin office hours,Administration,Low
8138,"system froze while uploading assignment, not sure if submitted",IT Support,Medium
7780,I smell natural gas in the hallway of the 2nd floor. It's getting stronger. We are evacuating.,Student Housing,High
5523,wifi dropped during final quiz submission,IT Support,High
7179,i was told i could graduate this year but my audit now says i'm 3 credits short. graduation is in 48 hours. pls help!!,Academic Office,High
3665,duplicate entries showing in application portal,Admissions,Medium
8150,The admissions portal is not letting me upload my final transcripts and the deadline is tonight at midnight or my offer is gone.,Admissions,High
8894,system timeout during submission before deadline,IT Support,High
5581,I noticed that the sidewalk near the student union is very icy and needs to be salted before someone falls.,Administration,Medium
1403,The shelf in my dorm bathroom is loose.,Student Housing,Low
5240,HELP!!!! I CANT FIND MY SYLLABUS AND THE FIRST CLASS STARTS IN 10 MINUTES!!!!!,Academic Office,Low
4237,My tuition payment portal is crashing every time I enter my details. The late fee of $200 applies in 3 hours.,Finance Office,High
262,I'm having a technical issue where my degree audit shows I have 0 credits. I have my unofficial transcript showing 120 credits. I need this fixed for my 2 PM interview.,Academic Office,High
3538,application page duplicates after refresh occasionally,Admissions,Medium
4243,I noticed a small error in my tuition bill for the summer term. I was charged for a lab fee for a class I didn't take.,Finance Office,Medium
2175,I noticed that someone has been using my university ID to access restricted areas after hours. I need this investigated now.,Administration,High
4840,file upload fails occasionally then succeeds,IT Support,Medium
6549,The student portal is allowing me to see other students' social security numbers when I click on my profile. This is a massive security breach.,IT Support,High
7096,how to install software on campus computer?,IT Support,Low
5993,tuition payment gateway down and due today,Finance Office,High
1108,There is a fire in the trash compactor of the South Dorm. The hallway is filling with thick black smoke.,Student Housing,High
6617,keycard stopped working and I cannot enter dorm building,Student Housing,High
3652,grant amount not updated in account summary,Finance Office,Medium
810,The fire alarm in the East Dorm is chirping and it's keeping everyone awake. I think the battery is low.,Student Housing,Medium
2795,I am having trouble connecting my phone to the university's wifi. It's giving me a 'failed to connect to network' message.,IT Support,Medium
869,I am an international student and my health insurance is showing as inactive in the portal. I really need to see a doctor today.,Administration,High
8917,I would like to know the hours for the campus bookstore during the summer break.,Administration,Low
1827,The student portal is down and I need to register for my final semester of classes before they fill up. Registration opened 5 minutes ago. Please help!,IT Support,High
1219,The university's payment gateway is returning a '404' error on the final day of registration. I cannot pay my fees and I am at risk of being dropped.,Finance Office,High
858,I noticed an error in my transcript. it says i failed a class that i actually got an A in. I need this fixed for my graduation check today.,Academic Office,High
4389,My final grade for MAT201 is showing as an 'F' but I have a signed letter from the professor saying I received a 'B+'. My graduation clearance depends on this.,Academic Office,High
2855,i was told i was accepted for the fall but i just got a 'rejection' email for the spring. i am very confused and need to know my status today.,Admissions,High
1208,hey idk how to use the scanner in the library can someone show me?,Library,Low
1828,How do I add a meal plan to my student ID card for the second semester?,Finance Office,Low
2418,hey can u tell me if the library has any extra copies of the textbook for bio 101? i need it for my homework tomorrow.,Library,Medium
871,Are there any quiet study areas in the library that are open on Sunday mornings?,Library,Low
6800,general info about admin support services,Administration,Low
2004,application verification taking longer than expected,Admissions,Medium
791,Exam registration page timing out.,Academic Office,Medium
2295,i just found out that my graduation application was never received and the final deadline was 24 hours ago.,Academic Office,High
5639,I found a credit card in the cafeteria. Where should I take it?,Administration,Low
6236,my application status says 'incomplete' even though i sent my transcripts via express mail three days ago. the deadline is tomorrow.,Admissions,High
6522,I'm interested in applying for a transfer from the community college. What credits will transfer to the business major?,Admissions,Low
1447,application progress bar not updating correctly,Admissions,Medium
2772,tuition payment shows pending even after transaction,Finance Office,Medium
285,can u tell me if the library has any copies of the book 'the odyssey' for my class tomorrow morning?,Library,Medium
4136,"The admissions website is not accepting my pdf upload for the letter of recommendation, and the deadline is in 2 hours.",Admissions,High
2052,The registrar's office lost my change of grade form and now I'm ineligible for the honors list for tomorrow's ceremony.,Academic Office,High
5461,I would like to request a new light bulb for my dorm room.,Student Housing,Low
6942,i have a question about my gpa calculation. does a 'w' count as a zero?,Academic Office,Low
2683,I would like to inquire about the requirements for the study abroad program in London for the next academic semester.,Academic Office,Low
97,I am an international student and my visa documentation is missing a required signature. I have my visa interview scheduled for today.,Admissions,High
752,I would like to request a new desk for my dorm room.,Student Housing,Low
1801,exam timetable not reflecting recent changes,Academic Office,Medium
7617,"I received an email stating that my application was withdrawn because of a missing transcript, but I sent it weeks ago. The final selection meeting is tomorrow.",Admissions,High
1417,PLEASE!! I am trying to book a campus tour for my parents next month but the website keeps freezing on the confirmation page!!,Admissions,Medium
8738,payment status not showing correctly after update,Finance Office,Medium
27,Is there an official university mascot costume available for student hire for a non-university birthday party?,Administration,Low
6029,"The group study room I booked in the library is occupied by people who didn't book it, and they are refusing to leave.",Library,Medium
7109,The system for submitting graduate school applications is down and the deadline is in four hours at midnight tonight.,Admissions,High
1764,my laptop keeps making a weird clicking noise but everything seems to be working okay for now.,IT Support,Medium
4801,do i need to bring my own stapler to the library or do u guys provide them?,Library,Low
3062,The lock on my dorm room window is broken and anyone could climb in from the fire escape. i need this fixed tonight. i am calm.,Student Housing,High
821,I would like to request a new desk for my dorm room. My current one is broken and unstable.,Student Housing,Low
8111,My roommate is playing music so loud I can't study. I tried talking to them but they won't stop. Can an RA help?,Student Housing,Medium
3002,The university drive is denying me permission to my own project folder. I have a 4 PM deadline today.,IT Support,High
3928,hi i lost my room key and i'm locked out. can u help?,Student Housing,High
6875,my account was locked after 3 failed tries but i have a final starting in 10 mins!!! pls unlock asap,IT Support,High
4947,i want to know if the library has any books that are over 500 years old available for viewing?,Library,Low
4509,Portal error preventing grade submission for my class.,Academic Office,High
3169,I AM LITERALLY SCREAMING BECAUSE I CANT FIND THE CAMPUS MAP ON THE MAIN PAGE PLS SEND IT NOW!!!!!!,Administration,Low
7000,cannot register for exam due to system failure,Academic Office,High
4395,I am an international student and my CPT endorsement is due at my new job today by 5 PM. The admissions office hasn't signed it yet.,Admissions,High
3489,there is a strange man standing outside my dorm window on the first floor. i am very calm but please send security now.,Student Housing,High
1412,I would like to request a copy of the university's policy on social media use.,Administration,Low
3468,i want to know if the library has a copy of the book 'the great gatsby'.,Library,Low
3544,i'm tryin to find the library's policy on borrowing books from other universities in the network.,Library,Medium
4954,dorm recycling bin location inquiry,Student Housing,Low
2732,portal error when i try to accept my admission offer and the window closes in 30 minutes. pls help asap.,Admissions,High
3091,I need help with my application for a student scholarship for students with disabilities.,Finance Office,Low
3241,my tuition was paid by my employer on monday but the student portal still shows an outstanding balance. can u check if it was recieved?,Finance Office,Medium
2944,someone is trying to force open my dorm room door right now. i am hiding in the bathroom please send help!!,Student Housing,High
3017,I noticed that my prerequisite for Calc II was not recognized by the system even though I passed Calc I last term.,Academic Office,Medium
4867,keycard stopped working cannot enter dorm building,Student Housing,High
4259,I need to talk to someone about my financial aid. I think I was awarded the wrong amount of scholarship money.,Finance Office,Medium
3626,OMGGGGG I THINK I DELETED MY ADMISSIONS ESSAY AND THE PORTAL IS CLOSED HELP ME RECOVER IT NOW!!!!!,Admissions,Medium
916,i'm havign trouble with the library database login it keeps sayign my password is wrong even though i just reset it.,IT Support,Medium
3919,I noticed a discrepancy between my unofficial transcript and the grades I received in my classes this semester.,Academic Office,Medium
179,i'm tryin to figure out how to get a student discount for the local bus pass. do i need a form from u guys?,Finance Office,Low
3309,I was overcharged for my meal plan this month and I need the $200 back so I can pay my rent.,Finance Office,High
2652,I would like to request a change of meal plan because of my new dietary restrictions.,Student Housing,Medium
888,minor typo in issued certificate,Administration,Medium
1364,the professor for my final exam didn't show up and the portal is locked. we need a proctor immediately or we fail the course.,Academic Office,High
1736,i can't find my syllabus for my english class on canvas. can someone help me?,IT Support,Low
1159,The system for processing scholarship renewals is returning a database error on the final day of the application cycle. i need help.,Finance Office,High
767,system logs me out randomly,IT Support,Medium
2027,I need help with my application for a student fellowship.,Academic Office,Low
4026,i paid for my graduation regalia online but the confirmation page showed the wrong gown size. how can i correct the order?,Administration,Medium
2592,transcript mistake preventing graduation clearance today,Administration,High
2308,I would like to request a copy of the official university student handbook.,Administration,Low
2136,The university vpn is not working and i have a deadline for my programming assignment in three hours. i have tried restarting my machine.,IT Support,High
4790,academic office elective course registration info pending,Academic Office,Medium
2872,ID replacement request pending too long,Administration,Medium
828,I would like to inquire about the university's policy for student travel grants.,Administration,Low
3435,academic office event schedule inquiry,Academic Office,Low
2270,"There is a massive error in my financial aid package. It's missing the $5,000 grant I was promised and the payment is due in 24 hours.",Finance Office,High
4257,I noticed that the light in the library stairwell is out and it's very dark. I'm worried about someone getting hurt.,Library,Medium
4502,i just found out that one of the classes i'm enrolled in is canceled. how do i pick a new one today?,Academic Office,High
6207,I noticed that the vending machine in the student union is out of bottled water. Can someone please refill it for us later today?,Administration,Low
3686,Exam registration portal not working.,Academic Office,High
8919,course schedule conflict info request,Academic Office,Medium
7129,wifi connection drops at random intervals,IT Support,Medium
4424,i need a copy of the university's mission statement for my project. where is that located?,Admissions,Low
6119,I need an official letter stating my current GPA for a competitive internship. Can this be processed by Wednesday?,Administration,Medium
2734,The sink faucet in my dorm is leaking.,Student Housing,Medium
6506,i'm tryin to find the library's policy on borrowing books from other universities in the state network. is it free?,Library,Medium
2605,grade submission portal error before tonight deadline,Academic Office,High
243,Someone in my dorm is using my laundry detergent without permission. can someone please tell them to stop?,Student Housing,Low
842,application status not updated after a week,Admissions,Medium
1074,confirmation letter needed for visa,Administration,Low
2689,no confirmation email after applying,Admissions,Medium
5303,i received a 'Tuition Past Due' notice for a semester i didn't even attend. it's blocking my current registration.,Finance Office,High
644,The university's system for processing medical health forms for athletes is down and i am barred from practice starting in 2 hours.,Admissions,High
7556,the heater in my room is making a very loud clicking sound and i haven't been able to sleep. can maintenance check it this week?,Student Housing,Medium
6636,OMGGG PLEAASE HELP ME!!! I left my favorite water bottle in the library study room 3B like 20 mins ago and i need it back ASAP it was a gift!!!!,Library,Low
1459,i'm tryin to find out how to get a student discount for the local bus pass. do i need a form from u guys?,Administration,Low
4494,I am unable to submit my housing application and the selection window for my group closes in 90 minutes. I have tried three browsers.,Student Housing,High
4315,How do I apply for a parking permit for the next academic year?,Administration,Low
7353,library digital resource access help,Library,Low
7292,I am unable to see my financial aid offer for next year even though I submitted my FAFSA on time.,Finance Office,Medium
4139,minor typo in my name on document,Administration,Medium
1693,i'm tryin to find out if u guys have the book 'modern sociology' in stock? i checked the shelf but it was empty lol.,Library,Medium
1468,library suggestion for new book acquisitions,Library,Low
7779,the vpn is down and i need to access the lab database for my chemistry project which is due tomorrow morning at 8am.,IT Support,High
7239,I noticed that the library website is very slow today. It's taking several minutes to return any results from the catalog.,Library,Medium
3940,"hi, i recievd my student id but the photo is totally stretched out. it doesn't look like me at all. can i get a new one?",Administration,Medium
3697,tuition payment confirmation request,Finance Office,Medium
5729,I need help with my application for a student grant for international research.,Academic Office,Low
959,idk how to find my student id number. i need it to log into the housing portal for my check-in. thx.,IT Support,Low
3961,The student portal keeps crashing every time I try to click the 'Pay Now' button for my tuition. The deadline is tonight at midnight.,IT Support,High
2767,I CANT FIND THE LINK TO THE VIRTUAL TOUR AND I PROMISED MY MOM WE WOULD WATCH IT!!!!!!!,Admissions,Low
7033,I need help with my application for a student grant for research in the humanities and social sciences.,Academic Office,Low
1450,"I received an email stating that my graduation fee was not paid, but I have the receipt. I need this cleared today to walk in the ceremony tomorrow.",Finance Office,High
7639,I noticed that the light in the library stairwell is flickering and it's making me feel a bit dizzy and nauseous.,Library,Low
5422,"MFA code missing, can't login.",IT Support,High
1998,the radiator in my room is leaking hot oil. i need someone to shut it off before it ruins my computer.,Student Housing,High
1948,The student portal is down and I need to pay my graduation fee by 5 PM today.,IT Support,High
7566,the main power in the dormitory east wing just failed. multiple students are currently trapped in the lift. i am calm.,Student Housing,High
6074,i just saw someone trying to pick the lock on the bike rack outside the student center. they ran away when they saw me but we should check the cameras.,Administration,Medium
2434,exam room location not listed yet,Academic Office,Medium
5428,URGENT!!!!! I NEED TO PAY MY TUITION RIGHT NOW BUT THE WEBSITE IS DOWN AND THE DEADLINE IS IN 10 MINUTES!!!!!,Finance Office,High
5128,How do I sign up for the inter-library loan service for books from other universities?,Library,Low
6497,I would like to request a physical copy of the official university calendar for the next academic year.,Administration,Low
7708,The university's main website is showing a 'Defaced' message. All student portals are inaccessible on the first day of finals.,IT Support,High
788,Refund stuck in tuition portal.,Finance Office,High
8570,my financial aid package just disappeared from the portal and my bill is due in 24 hours. i cant afford $15k out of pocket!!,Finance Office,High
8776,"Dear Admin, I need a certificate of enrollment for my visa application. My appointment is tomorrow morning, so I would appreciate it if this could be processed today.",Administration,High
485,"I am calm but the enrollment system has failed and my registration for the final mandatory class I need to graduate is not being processed, and the window closes in 1 hour.",Academic Office,High
407,I found a charge for $45 on my account labeled 'Library Processing'. I haven't even checked out a book this term.,Finance Office,Medium
6288,The elevator in Building C is stuck on the 4th floor and someone might be inside. I can hear shouting.,Student Housing,High
6248,The lock on my dorm room window is broken and anyone could climb in from the fire escape. i need this fixed.,Student Housing,Medium
3453,can u tell me if the library has any books on the philosophy of science for my paper due next week? thx so much.,Library,Low
1512,I would like to request a copy of the university's policy on student grievances.,Academic Office,Low
2033,I CANT FIND MY DIPLOMA AND I NEED IT FOR MY JOB INTERVIEW IN TWO WEEKS!!!!!!,Academic Office,Low
6025,I need a copy of my 1098-T form for tax purposes.,Finance Office,Medium
7056,i want to know if there is a student discount for the local cinema. do i need my physical card?,Administration,Low
6259,MFA code not arriving blocking login before submission,IT Support,High
7136,I forgot to pay my graduation fee and the deadline was yesterday. Can I still pay it today?,Finance Office,Medium
5503,I noticed that the printer in the study room is making a very loud grinding noise and it's very distracting when I'm trying to work.,Library,Low
3049,admission document clarification required,Admissions,Medium
343,administration office transcript request partially fulfilled,Administration,Medium
8590,I am wondering if the library has a copy of 'Harry Potter'.,Library,Low
7118,sink leaking slowly in dorm,Student Housing,Medium
2130,URGENT!!!!! I ACCIDENTALLY DELETED MY ADMISSIONS ESSAY AND THE PORTAL IS CLOSED CAN YOU REOPEN IT FOR TWO MINUTES PLS!!!!!!!!,Admissions,Medium
4262,The study abroad portal is locking me out and the final deadline to submit my housing preference is in 30 minutes.,Admissions,High
3765,The microwave in the dorm kitchen is dirty.,Student Housing,Low
8680,I would like to inquire about the university's policy on pets in the residence halls.,Student Housing,Low
6972,I need help with my application for a scholarship; I'm not sure how to answer one of the essay questions.,Finance Office,Low
903,"The registrar's portal is showing that I have a hold on my account for a 'missing transcript', but I submitted that months ago. It's preventing me from registering for the classes that open in an hour.",Admissions,High
6321,I received a letter saying I owe $500 in administrative fees but I have no idea what they are for. Can someone explain?,Administration,Medium
954,"MFA code missing, can't log in.",IT Support,High
4549,course slots not updating after refresh,Academic Office,Medium
1513,I am calm but the ceiling in my dorm room is leaking directly onto my computer and the deadline for my project is tonight.,Student Housing,High
1480,SOS!!!! MY DORM ROOM SMELLS LIKE SMOKE AND I DONT KNOW WHERE ITS COMING FROM PLEASE HELP!!!!!!,Student Housing,High
1409,Someone stole my bike from the campus racks. Who do I talk to about checking the security cameras?,Administration,Medium
2865,library info on quiet reading zones,Library,Low
393,"The projector in Room 402 is flickering constantly, making it impossible to see the slides during the lecture.",IT Support,Medium
180,I missed the deadline to register for classes for the fall semester. Is there any way I can still register?,Academic Office,Medium
128,"My login isn't working and the MFA code never arrives, I need access asap.",IT Support,High
3229,where do i go to upload my passport for the study abroad application?,Admissions,Medium
6816,Can I get a list of all the student clubs that are focused on social justice?,Administration,Low
861,URGENT!!!!! I NEED TO KNOW IF THE LIBRARY HAS ANY CALCULATORS FOR THE MATH EXAM IN 10 MINUTES PLS PLS PLS HELP!!!!!!!,Library,Medium
4789,i lost my student id card and i need it to get into the gym. can i get a replacement today?,Administration,Low
7065,can u tell me if the library has any copies of the book 'the prince' for my politics class next week? thx.,Library,Low
3984,hi can someone tell me if the student gym has towels or if i need to bring my own? thanks.,Administration,Low
2790,I was overcharged for a lab fee and I would like to request a refund to my student account.,Finance Office,Medium
779,I need help with my application for a student grant for community-based research.,Academic Office,Low
2861,There is a severe flood in the dorm kitchen. The dishwasher is overflowing and water is hitting the electrical outlets.,Student Housing,High
881,is there a way to request a replacement for my student id card if it's just cracked but still works?,IT Support,Low
1826,There is a random $15 fee on my student account labeled 'Misc Admin'. Could someone please explain what this is for?,Finance Office,Medium
5932,I would like to request a copy of the university's policy on weapons on campus.,Administration,Low
6924,I found a suspicious package in the library lobby with wires sticking out. We are starting an informal evacuation.,Library,High
853,Someone is making threats on the university's internal messaging board. This is a safety issue.,Administration,High
488,"The university's system is showing a zero balance on my account even though I know I owe $4,000. I would like a manual check.",Finance Office,Medium
1002,Official degree confirmation letter required.,Administration,Medium
3458,I would like to inquire about the current status of my application for the university's merit-based scholarship program.,Finance Office,Medium
733,PLEASE!!!! I NEED TO KNOW IF THE LIBRARY HAS ANY STAPLERS!!!! MY ESSAY IS DUE IN 10 MINUTES AND I'M PANICKING!!!!,Library,Low
4429,i accidentally registered for the wrong section of my final core class and now the right one is full. i need an override to graduate.,Academic Office,High
3177,"The student health insurance waiver I submitted was rejected without explanation, and the $1,500 fee is due in five hours.",Finance Office,High
5694,I'm having trouble with the library's online search for legal documents and case studies.,Library,Low
3137,Can I get a copy of the university's policy on student privacy from the administration office?,Administration,Low
5345,I am an international student and I'm confused about the health insurance waiver process and the specific deadlines for the spring.,Administration,Medium
2264,admissions portal partial application status update,Admissions,Medium
6827,"I am calm, but there is a strange individual wandering the restricted access laboratory floor who is not wearing a badge. Please send security.",Administration,High
1863,i'm having trouble with the university's website. it's not letting me login to my student portal.,IT Support,Medium
8210,Does the IT department have any old keyboards they are going to throw away? I'd like one for parts.,IT Support,Low
8404,the document uploader for the scholarship application keeps giving an 'Invalid File Type' error for a standard PDF.,Admissions,Medium
8633,wifi in dorm unstable,Student Housing,Medium
6431,The elevator in the library is stuck between floors and there are four students inside. One of them is starting to panic.,Library,High
7303,I would like to report that I am being harassed by a staff member and I feel unsafe coming to my campus job tomorrow morning.,Administration,High
3190,The smoke detector in my dorm room is making a very loud beeping noise every few minutes. I think the battery is low.,Student Housing,Low
4501,I'm having trouble with the online portal for my student employment.,Finance Office,Medium
2798,application portal not saving edits properly,Admissions,Medium
4940,can u tell me if there are any student jobs available in the finance office for the next semester?,Finance Office,Low
466,i'm tryin to find the syllabus for my math class but the link is dead on the portal.,Academic Office,Medium
1534,The main gas line in the dormitory kitchen is leaking and i can smell it very strongly. we need an evacuation immediately.,Student Housing,High
8159,Can I get a list of all the student organizations that are focused on student health and wellness?,Administration,Low
4283,library info on book return procedures,Library,Low
2688,My roommate and I are having a serious disagreement about the temperature in our room. Can we speak with a mediator?,Student Housing,Medium
4846,what courses available next term?,Academic Office,Low
910,The ceiling in the computer lab just collapsed due to a pipe burst. Electrical equipment is being damaged. We need maintenance immediately.,IT Support,High
835,I noticed an error in my student ID card photo. My face is blurry and I would like to request a new one.,Administration,Low
5036,I am an international student and I'm having trouble with the I-20 issuance process. I need it by tomorrow to keep my visa appointment.,Admissions,High
4265,I need to report a broken elevator in the library. It's been out of order for three days.,Library,Medium
7215,A pipe burst in the library bathroom and the water is flowing into the server room next door.,Library,High
2176,"I need to update my personal information in the university system, including my address and phone number.",Administration,Low
5307,My account status says 'Deactivated' but I am a current student. I cannot access my course materials for tomorrow's midterm.,IT Support,High
7434,scholarship not reflected in account yet,Finance Office,Medium
1449,I am an international student and my health insurance is showing as active but i was charged for a second policy on my student bill.,Finance Office,Medium
3393,I noticed that the light in the laundry room is out. It's very hard to see what I'm doing with my clothes.,Student Housing,Medium
1682,my financial aid refund check was stolen from my mailbox and i need to stop payment on it before it's cashed tonight.,Finance Office,High
87,I am an international student and my health insurance is showing as active but I was charged for a new policy on my student account.,Administration,Medium
3390,I would like to request a copy of the university's policy on emergency management.,Administration,Low
1852,i'm tryin to figure out how to get a student discount for the local coffee shop. do i need an id?,Admissions,Low
6597,I lost my student ID card. How do I get a replacement?,Administration,Low
3088,i'm having trouble with the university's email on my phone. it's not syncing any of my new messages.,IT Support,Medium
628,my graduation status is showing as 'failed' due to a missing administrative fee i paid months ago. graduation clearance is today.,Academic Office,High
3082,is there any way to get a discount on the laundry services in the dorms? it is getting very expensive.,Student Housing,Low
8221,need updated enrollment verification letter,Administration,Medium
6959,I am writing to report that my PhD application fee was charged but the application shows as 'unpaid' and the deadline is tonight.,Admissions,High
3647,How do I get a copy of the university's academic dishonesty policy for a research project I'm doing?,Academic Office,Low
272,I'm having trouble with the online library search; it's not returning any results for my search terms.,Library,Low
1057,i need an emergency withdrawal from the semester because i was just diagnosed with a life-threatening illness. pls help with the paperwork.,Academic Office,High
3022,I NEED TO KNOW IF THE LIBRARY HAS ANY COFFEE RIGHT NOW OR I WILL NOT BE ABLE TO STUDY!!!!!!!,Library,Low
4814,course outline pdf not opening,Academic Office,Medium
8068,The university's portal for international student visa tracking is down and i need to upload my documents in 12 hours. i am calm.,Admissions,High
1091,my password for the university vpn is not working and i need to access the lab data for my project due tonight at midnight.,IT Support,High
8614,The scholarship application portal is not accepting my pdf upload and the deadline is tonight at midnight.,Finance Office,High
3138,any late fee for tuition?,Finance Office,Low
6326,I need to know if the campus shuttle runs on Saturdays.,Administration,Low
5623,THE WIFI IN THE COMMON ROOM IS LITERALLY SO SLOW I CANT EVEN LOAD TIKTOK PLS FIX THIS ASAP!!!!!!!!,IT Support,Low
4051,"hi, do u have any brochures about the history of the student housing buildings? thx.",Student Housing,Low
4951,The bath tub in my dorm bathroom is stained.,Student Housing,Low
5968,i want to know if i can take a gap year after my first semester. who should i talk to in administration?,Administration,Medium
8592,The library's website is down and I need to access the online catalog for my research paper that is due in two hours.,Library,High
7066,MFA failure blocking assignment submission due soon,IT Support,High
7832,my roommate is being very difficult and i would like to request a room change as soon as possible.,Student Housing,Medium
1004,Exam registration page error.,Academic Office,Medium
2441,The system for submitting graduate school applications is down and the deadline is in four hours.,Admissions,High
8903,A chemical spill occurred in the library's preservation lab. We need an emergency cleanup crew immediately.,Library,High
5103,admission portal update needed,Admissions,Medium
4916,The carpet in my dorm room is stained.,Student Housing,Low
5368,I missed the deadline to accept my financial aid package due to a system outage. My tuition is due tomorrow morning.,Finance Office,High
3747,PLEASE HELP ME I THINK A SPIDER JUST CRAWLED UNDER MY BED AND I CANT SLEEP SEND SOMEONE NOW!!!!!!,Student Housing,Low
6764,acceptance letter missing before deposit cutoff,Admissions,High
3760,idk why but my password reset link for the student portal is not being sent to my personal email address. i tried 3 times.,IT Support,Medium
8460,What are the requirements for applying for a teaching assistant position in the Biology department?,Academic Office,Low
5984,"hi, what is the best time to visit the library if i want to avoid the smell of old books? idk if thats possible.",Library,Low
6956,i'm tryin to figure out how to reset my student email password bc i forgot it again.,IT Support,Medium
783,I would like to know the current balance of my student printing credit.,Administration,Low
4460,The student portal is down and I need to register for classes that open in 15 minutes. This is my last chance to take this required course.,IT Support,High
8895,i missed the payment deadline because of a death in the family. i need a 24-hour extension so i don't lose my classes.,Finance Office,High
1010,I am writing to report that my MFA code is not being delivered to my device. My capstone project is due at 11:59 PM tonight.,IT Support,High
1094,URGENT!!!!! i lost my favorite pen in the study hall in block B please let me know if anyone turned it in i've had it since high school and it's my lucky pen!!!!!!!,Library,Low
797,i want to know if i can use the library if i am an alum of the university.,Library,Low
5472,hello. my tuition payment was marked as failed today and registration for the final required course for my degree closes in exactly 4 hours. if i dont get in i cant graduate this spring.,Finance Office,High
1497,I NEED TO KNOW IF THE LIBRARY HAS THE BOOK 'THE GREAT GATSBY' RIGHT NOW OR I WILL FAIL MY CLASS!!!!!!!,Library,Low
3448,I'm having trouble with the library's online database access from home.,Library,Medium
8255,academic office info on optional course materials,Academic Office,Low
7720,I would like to request a new wastebasket for my dorm room because mine is cracked.,Student Housing,Low
6019,the main power breaker in the east wing has tripped and multiple students are stuck in the elevator. we are awaiting your response.,Student Housing,High
4572,I'm having a hard time finding a specific journal in the library's online catalog. can u help me search for it?,Library,Medium
1553,I need to know the specific requirements for the English Language Proficiency test for international students.,Admissions,Low
4321,PLEASE!!!!!! I NEED TO KNOW IF I CAN BRING MY CAT TO THE DORM IF I HAVE A DOCTORS NOTE FOR EMOTIONAL SUPPORT!!!!!!! PLS ANSWER!!!!!,Student Housing,Medium
2851,course materials not loading properly,Academic Office,Medium
4613,dorm safety guidelines information,Student Housing,Low
175,the library's scanner is out of order and i need to scan a document for my class.,Library,Low
4147,The heating in my dorm room is out and it's 20 degrees outside. Please send someone to fix it immediately!,Student Housing,High
5886,The library website has a major security vulnerability where I can see other students' personal data. This needs to be patched now.,Library,High
5024,admissions portal shows conflicting statuses intermittently,Admissions,Medium
5083,"I am being charged out-of-state tuition even though I have been a resident of this state for three years. I cannot afford the $10,000 difference due tomorrow.",Finance Office,High
7402,exam timetable clash unresolved and exam tomorrow,Academic Office,High
4894,Can I get a discount on a university sweatshirt if I'm a student employee?,Administration,Low
1722,I am having trouble with the campus Wi-Fi. It keeps disconnecting every 5 minutes on my phone.,IT Support,Medium
6199,i'm having trouble with the university's email on my phone. it's not syncing any of my new messages since the update.,IT Support,Medium
6712,"exam registration system error, closes tomorrow",Academic Office,High
2852,i'm having trouble with the university's email on my android phone. it's not syncing any of my new messages.,IT Support,Medium
8410,The shower head in my dorm bathroom is leaking.,Student Housing,Medium
7591,pls provide info on general certificate collection,Administration,Low
1061,i forgot my password and the security questions are in a language i dont speak. i need to submit my essay in 3 hours.,IT Support,High
4126,I noticed that the light in the library stairwell is out. It is very dark and I'm worried about people tripping.,Library,Medium
6898,I noticed that the printer in the study room is making a very loud grinding noise and it's very distracting.,Library,Low
3194,the library is out of printer paper on the third floor.,Library,Low
6579,Exam registration page errors.,Academic Office,Medium
6290,My laptop was stolen from the library while I went to get a coffee. It has my only copy of my dissertation which is due tomorrow morning.,IT Support,High
1082,SOS MY ENTIRE BIBLIOGRAPHY WAS DELETED AND MY THESIS IS DUE AT MIDNIGHT PLS HELP ME RECOVER IT!!!!!!!!!!,IT Support,Medium
5427,The admission portal for the nursing program is down and the deadline to accept the offer is at 5 PM. I need to accept now.,Admissions,High
5280,"I noticed a $2,000 discrepancy in my financial aid disbursement. I need the rest of the funds to pay my tuition by the 5 PM deadline.",Finance Office,High
4607,There is a massive leak in the ceiling of the computer lab and it is dripping onto the servers.,IT Support,High
7807,I am an international student and my health insurance is showing as inactive in the portal. I need to see a doctor today.,Administration,High
3234,dorm study area schedule info,Student Housing,Low
1296,The university's portal for study abroad applications is showing a 500 error for all students today. deadline is today.,Admissions,High
12,official document formatting looks incorrect,Administration,Medium
8878,"Can I pay my tuition with a credit card? If so, is there a fee?",Finance Office,Low
3705,I noticed that the carpet in the hallway of building C is coming up at the edges and it's a bit of a trip hazard.,Student Housing,Low
862,I'm having trouble with the campus Wi-Fi on my laptop. It works on my phone but not on my computer.,IT Support,Medium
7158,i want to know the policy for guest parking in the dormitory lot for the weekend.,Student Housing,Low
7153,My dorm roommate has a guest who is refusing to leave and is becoming aggressive. I need campus security.,Student Housing,High
2895,I AM FREAKING OUT BECAUSE I CANT FIND MY DORM ROOM AND IT IS DARK AND I AM SCARED HELP ME NOW!!!!!!!,Student Housing,Low
6286,The university's portal for graduation applications is showing an 'internal server error' for all seniors today.,Academic Office,High
8151,i lost my physical id and my digital id is showing 'expired'. i have a departmental exam starting in 15 minutes.,Administration,High
4775,Can I get a copy of the university's annual report?,Administration,Low
5941,I'm having trouble with the online portal for my student content management system (CMS) account.,IT Support,Medium
7472,I would like to request a new mirror for my dorm room because my current one is cracked.,Student Housing,Low
7701,Exam registration portal shows unknown error.,Academic Office,High
4135,i'm tryin to figure out how to apply for a student loan for the next semester. where do i start with that?,Finance Office,Medium
5638,There is a power outage in the science building and my research samples in the -80 freezer are at risk.,Administration,High
3025,I am getting a 404 error when trying to access the final exam for my online History course. The exam period ends in 90 minutes.,IT Support,High
7443,PLEASE HELP ME I REALLY NEED TO KNOW IF THE ACADEMIC OFFICE SELLS COFFEE PODS OR IF THEY ARE FREE FOR GUESTS!!!,Academic Office,Low
1678,Library app not responding.,Library,Low
7162,I'm having trouble with the toilet in my dorm room. It keeps overflowing even when I don't use it.,Student Housing,High
6705,room lock broken cannot enter dorm overnight,Student Housing,High
600,i need to drop my bio class but the system says i need a pin from my advisor who is on vacation. today is the drop deadline.,Academic Office,High
1117,I am an international student and my visa documentation is incomplete. I need the university to provide a missing form today.,Admissions,High
6796,I just lost my student ID and I have a proctored exam starting in 45 minutes. I cannot enter the hall without it.,Administration,High
3117,The toilet in my dorm room is clogged and overflowing. Please send someone to fix it immediately.,Student Housing,High
5779,"hi, do u have any brochures about the different types of grass used on the campus quad? thx.",Administration,Low
970,my graduation certificate has the wrong degree listed. I need this fixed today as I have to present it for a job in the morning.,Administration,High
4469,Is there a way to extend my library book checkout period online?,Library,Low
1640,I would like to appeal a library fine of $50 for a book I returned on time but was never scanned back in.,Library,Medium
1112,My computer just died and I have a loaner request pending. I need it by noon to finish my final.,IT Support,High
5551,need official letter today urgent,Administration,High
2511,My roommate is having a medical emergency and I don't know who to call. They're struggling to breathe.,Student Housing,High
1279,I would like to request a new fan for my dorm room because it's very hot and the air conditioning is not working properly.,Student Housing,Medium
4937,i'm a new student and i don't know where to get my student ID card. is that in the admissions office?,Admissions,Low
4078,I would like to know if the university has any programs for students who are interested in entrepreneurship.,Academic Office,Low
5898,library reserved book pick-up schedule,Library,Low
2694,i think i was overcharged for the lab fee this semester. it says $500 but it should be $200.,Finance Office,Medium
167,I noticed that the air conditioning in the student union is making a very loud whistling noise and it's quite distracting for people studying.,Administration,Low
3416,The elevator in the library is making a very loud grinding noise. It doesn't seem safe.,Library,Medium
8047,I noticed that the light in the communal bathroom is out. It is very dark and I'm worried about someone falling and getting hurt.,Student Housing,Medium
2356,the wifi in the library's 24-hour study room is completely dead and everyone here has an online assignment due at midnight.,IT Support,High
8244,I noticed that the light in the library stairwell is out and it's very dark. I'm worried about someone tripping and getting badly hurt.,Library,Medium
948,i'm tryin to figure out how to get a student discount for the local cinema. do i need a card or just my student id photo?,Administration,Low
5008,need updated enrollment letter for internship,Administration,Medium
8039,I need help with my application for a student grant for research in the social sciences.,Academic Office,Low
181,I'm having trouble with the air conditioning in my dorm room. It's making a very loud noise and not cooling the room at all.,Student Housing,Medium
4472,i need my I-20 form reissued immediately for my visa interview which is scheduled for tomorrow at 9 am.,Admissions,High
3970,i need my login reset for the admissions portal right now i have to upload my final transcripts by midnight or my offer expires.,IT Support,High
4397,Can I get a list of all the student organizations that are focused on international students?,Administration,Low
4153,student ID replacement taking longer than usual,Administration,Medium
3188,hey can u help me find the link for the online application for the university's scholarship program?,Finance Office,Medium
3202,I would like to request a copy of the university's policy on conflict of commitment.,Administration,Low
5003,I would like to request a formal roommate mediation. We have been having persistent disagreements regarding quiet hours and cleanliness.,Student Housing,Medium
5405,i want to change my major from biology to art but i'm only a freshman so i have lots of time just curious about the paperwork.,Academic Office,Low
5783,I am having trouble with the online payment system for the university tuition. It keeps giving me a generic system error message.,Finance Office,Medium
3690,"Regarding my application, I have updated my phone number. Please update your records at your earliest convenience.",Admissions,Low
4666,I AM SCREAMING!! THE ADMISSIONS PORTAL ISN'T LETTING ME PAY MY DEPOSIT AND TODAY IS THE DEADLINE!! FIX THIS NOW!!,Admissions,Medium
172,How can I request an official transcript from the university?,Administration,Low
950,file upload stalls for a few minutes occasionally,IT Support,Medium
5060,The portal for study abroad applications is showing a database connection error for all students today. deadline is in 2 hours.,Admissions,High
4463,I am an international student and my visa documentation needs to be signed by the university. I have an appointment at the embassy tomorrow.,Admissions,High
3803,I noticed that the library's security gate is not working and a group of aggressive protesters has entered the study hall.,Library,High
3464,PLEASE HELP ME ASAP!!! My student account has been hacked and someone is changing my course registrations!!!,IT Support,High
5976,fee payment error blocking enrollment now,Finance Office,High
1938,finance office refund processing time inquiry,Finance Office,Medium
1843,"I am an international student and my I-20 has an incorrect graduation date, which is preventing my flight booking for tomorrow.",Admissions,High
1783,how do i connect my kindle to the university network? i tried the normal way but it didnt work.,IT Support,Medium
95,session times out even while active,IT Support,Medium
899,admissions application portal showing partial info,Admissions,Medium
1663,finance office payment plan details request,Finance Office,Medium
3859,i need to withdraw from all my classes immediately due to a sudden family death. I dont want to fail everything.,Academic Office,High
4503,I am reporting that my student health insurance is showing as 'Inactive' despite the premium being paid. I have a surgery tomorrow morning.,Administration,High
1729,"The university's registration system has erroneously placed a financial hold on my account, and registration closes in 1 hour. i am calm.",Finance Office,High
6585,I am writing to formally appeal my rejection from the Honors Program. I believe my recent research project was not fully considered.,Academic Office,Medium
5618,I need help with my application for a student grant for research in the health sciences.,Academic Office,Low
6472,pls provide general guidance on admin forms,Administration,Low
4930,"I'm having trouble scheduling an appointment with my academic advisor. Every time I click a time slot, it says 'Slot Taken'.",Academic Office,Medium
1713,I would like to request a new desk for my dorm room because my current one is very small.,Student Housing,Low
706,URGENT!!!!! I NEED TO KNOW IF THE LIBRARY HAS ANY COFFEE RIGHT NOW OR I WILL NOT BE ABLE TO STUDY!!!!!!!,Library,Low
8535,"Dorm door lock stuck, can't enter room.",Student Housing,High
91,I missed my final exam because the university schedule listed the wrong room number. I need an emergency retake before grades are finalized.,Academic Office,High
6971,I would like to request an extension for my final project for my math class. I've been struggling to understand the material.,Academic Office,Medium
4787,I am having trouble uploading my immunization records to the portal. It keeps timing out.,Admissions,Medium
2601,I would like to request an extension for my final project for my computer science class. I've had some technical issues.,Academic Office,Medium
1608,I would like to request a copy of the university's policy on information security.,IT Support,Low
5924,I AM FREAKING OUT BECAUSE I DONT KNOW IF THE IT SUPPORT DESK HAS A JAR OF FREE MINTS OR NOT!!!!!,IT Support,Low
6267,idk how to find my student id number. i need it to log into the housing portal for my check-in tomorrow morning.,Administration,Low
1517,My laptop screen just went black and I have a mid-term paper due in four hours that I haven't saved to the cloud.,IT Support,High
3012,I'm having trouble with the online portal for my student academic advising account.,Academic Office,Medium
2079,"I received an email stating that my graduation application has been denied because of a missing requirement, but I've completed all my classes. I need this resolved immediately as graduation is in two days.",Academic Office,High
5979,the system for processing medical waivers for the meal plan is down and the deadline to avoid the charge is tonight.,Finance Office,High
5168,"To the Head Librarian: The sprinkler system just went off on the 2nd floor, but there is no fire. It’s destroying the books.",Library,High
1562,"I received an email stating that my tuition payment was rejected, but I have plenty of money in my account. The deadline is tomorrow.",Finance Office,High
4817,I would like to request an official physical copy of the student handbook from the administration office.,Administration,Low
1135,my application to the graduate program is showing as 'missing' even though i have a confirmation email from your office. the deadline is tonight.,Admissions,High
7231,urgent transcript needed today for job verification,Administration,High
5255,"hi, r there any student jobs in the library that involve just dusting the old books? id love that.",Library,Low
1574,I am calm but the university's system for verifying graduation requirements is showing a missing credit for a course i completed last year.,Academic Office,High
764,i'm having trouble with the university's website. it's very slow and some pages aren't loading at all.,IT Support,Medium
7014,I noticed that the temperature in the student union is very low today. Is the heating system working?,Administration,Low
7481,is there any way to get a certificate of participation for the volunteer event i did last month? i want it for my resume.,Administration,Low
5376,"hi, i would like to appeal the grade I received in Bio 101. i believe my final project was graded incorrectly based on the rubric.",Academic Office,Medium
6184,when is tuition deadline?,Finance Office,Low
5262,how do i request a replacement for my student id card if it's just cracked but still works for now?,Administration,Low
2831,hey can i get a new mattress for my dorm? this one is really uncomfortable and my back hurts.,Student Housing,Medium
2051,I am an international applicant and I'm having trouble with the document upload feature on the portal.,Admissions,Medium
4862,The microfilm reader in the archives is making a loud screeching noise. It's really loud in the quiet zone.,Library,Medium
1081,i want to know the deadline for submitting my final grades for the fall semester.,Academic Office,Low
131,I am having trouble with the online payment system for the graduation fee. It keeps giving me an error message.,Finance Office,Medium
7164,The library is closed today but I have a book due. Will I be charged for a late return?,Library,Low
2583,The student portal keeps crashing when I try to pay my tuition. the deadline is in two hours and i don't want to lose my spots in my program classes.,IT Support,High
2190,PLEASE HURRY THE PRINTER IN THE LIBRARY IS SMOKING AND I NEED TO PRINT MY FINAL PROJECT NOW!!!!!!!,Library,Medium
3445,I would like to request an official letter confirming my student status for a potential employer.,Administration,Low
6539,"the wifi in the laundry room is super slow today, can someone look at the router in block c?",IT Support,Low
1955,admission form missing signature,Admissions,Medium
4507,Is there a policy about bringing a microwave to the dorm? My parents are buying me one this weekend.,Student Housing,Low
5828,ID card replacement not processed yet,Administration,Medium
4724,The bursar's office has charged me $500 for a meal plan that i never signed up for. i need this corrected before my bill is due.,Finance Office,Medium
4875,Is there any way to extend the due date for my library books? I'm currently away for a family funeral.,Library,Medium
5450,I am an international applicant and I'm having trouble with the document upload feature on the graduate student portal.,Admissions,Medium
7596,I would like to request a copy of the university's strategic plan.,Administration,Low
195,PLEASE RESPOND ASAP I NEED TO KNOW IF I CAN BRING MY CAT TO THE DORM IF I HAVE A DOCTORS NOTE!!!!!!!,Student Housing,Medium
7245,I would like to request a new key for my dorm room as mine is bent.,Student Housing,Medium
3848,i'm having trouble with the university's email on my phone it's not syncing any of my new messages from my prof.,IT Support,Medium
515,HELP MEEEEE I THINK I LEFT MY PURSE IN THE LIBRARY AND I HAVE NO MONEY TO GET HOME PLEASE LOOK FOR IT!!!!!!!,Library,Medium
8198,invoice details confusing need explanation,Finance Office,Medium
6991,I was wrongly deregistered from all my courses today. I need to be reinstated before the semester starts tomorrow.,Academic Office,High
4439,Someone broke into my dorm room and stole my laptop. I need the security footage and the locks changed today.,Student Housing,High
5180,I ACCIDENTALLY DELETED MY ENTIRE INBOX AND I NEED MY TAX FORMS RIGHT NOW!!!!!!!!,IT Support,Medium
6649,What is the official policy on students wearing rollerblades inside the Finance Office lobby?,Finance Office,Low
789,There is a massive flood in the basement of the library building! Water is pouring in from the ceiling!,Library,High
3268,"Can't log into my student portal, MFA code missing.",IT Support,High
2388,can u guys tell me if the library has any copies of the latest hobbit movie? i wanna watch it tonight.,Library,Low
3031,course registration shows outdated availability,Academic Office,Medium
4785,I would like to request a copy of the university's policy on student research from the academic office.,Academic Office,Low
4637,I'm having trouble with the online portal for my student parking permit renewal account.,Administration,Low
3629,"my financial aid award was reduced by $3,000 without any explanation and my tuition is due tomorrow morning.",Finance Office,High
8304,I would like to inquire about the requirements for the study abroad program in London for the next semester.,Academic Office,Low
1224,URGENT!!!!! IS THE COFFEE SHOP IN THE LIBRARY OPEN UNTIL MIDNIGHT TONIGHT I REALLY NEED A LATTE FOR MY ALL NIGHTER!!!!!,Administration,Low
6569,Can't access the campus Wi-Fi network even after resetting my password.,IT Support,High
2298,hi i need to drop a course but i keep getting a 'Departmental Permission Required' error even though the class is open.,Academic Office,Medium
7686,the automatic doors at the library entrance are staying open too long and it's making the lobby freezing cold.,Library,Medium
6071,admissions portal application status partially updated,Admissions,Medium
2566,"I received an email stating that my student account has been blocked because of an unpaid library fine, but I paid it weeks ago. I need this resolved so I can register for classes.",Library,Medium
4149,admission portal document upload question,Admissions,Medium
5501,I have been blocked from registering for my final semester because of a $0.05 library fine that I cannot pay online. Registration closes tonight.,Library,High
2020,I am receiving a 'Forbidden' error when trying to access the student portal from my home network.,IT Support,Medium
1668,reset password link expires too quickly,IT Support,Medium
1967,HELP!!!! I ACCIDENTALLY SUBMITTED THE WRONG VERSION OF MY ESSAY AND THE PORTAL IS CLOSED!!!!!,IT Support,Medium
2093,The shower in my dorm room is not draining properly.,Student Housing,Medium
1813,My veteran benefits were not processed and I am being told I will be dropped from all my classes in 48 hours.,Finance Office,High
2360,"MFA missing, can't access portal.",IT Support,High
3221,the student portal says i owe $5000 but i already paid it via bank transfer on monday. here is the receipt.,Finance Office,Medium
3755,my student id card is being used by someone else to access the women's dormitory. I am receiving alerts on my phone right now.,Administration,High
6084,How can I request an official transcript if I'm no longer a student at the university?,Administration,Low
3376,does the library have any copies of the latest harry potter book i want to read it for fun.,Library,Low
3514,can i split my tuition payment?,Finance Office,Low
1514,I noticed a small typo in the spelling of my middle name on the unofficial transcript. It should be 'Elizabeth' not 'Elisabeth'.,Academic Office,Medium
2006,i need to report that my name is misspelled on the graduation certificates being printed tonight.,Administration,High
6578,my student id card has been deactivated for no reason and i cannot get into the dining hall tonight. i am very hungry.,Administration,High
2678,I'm curious if the academic office keeps records of the most popular student minors from the 1980s.,Academic Office,Low
4173,I'm having trouble with the online registration for my spring classes. it keeps saying i have a hold but i don't.,IT Support,Medium
4991,hello i need to change my major from bio to chem but the online form is giving me an error code 502. help pls.,Academic Office,Medium
1475,i need to verify my enrollment for my health insurance provider. could you send the document when possible?,Academic Office,Medium
456,The student health center pharmacy is locked and I can't get my insulin. The ID scanner is not responding to anyone.,Administration,High
4279,i am calm but i was just notified that my graduation status was revoked due to a clerical error in my department. i need this fixed today as my family is already flying in.,Administration,High
2578,i need help finding the citation for a book that doesnt have an author. it's for my project due next month.,Library,Low
8707,i accidentally sent my social security number and passport photo to a phishing email that looked like the university login page.,IT Support,High
3383,I AM ABSOLUTELY LIVID!! THE VENDING MACHINE IN THE LIBRARY ATE MY $5 AND I AM SO HUNGRY I CANNOT CONCENTRATE ON MY WORK!!,Administration,Medium
3879,Can I get a copy of the university's policy on student demonstrations?,Administration,Low
1865,i want to know the policy for reserving a study room for a group project next week. thx.,Library,Medium
2882,URGENT!!!!!!! I NEED TO KNOW IF I CAN BRING MY CAT TO THE CONVOCATION CEREMONY PLS RESPOND NOW I AM SO STRESSED!!!!!!!,Administration,Low
2141,MY TRANSCRIPT IS TOTALLY WRONG I HAVE AN A IN PHYSICS NOT A B PLEASE FIX THIS RIGHT NOW I AM SO STRESSED!!!!!,Academic Office,Medium
2333,academic office info on optional workshops,Academic Office,Low
7541,i was just wondering if the university uses recycled paper for the diplomas? its for a project i'm doing.,Administration,Low
6269,dorm access system not responding late night,Student Housing,High
1028,My tuition payment is showing as 'rejected' even though I have the funds. Registration for my summer classes closes tomorrow.,Finance Office,High
4446,emergency! i lost my wallet in the library and it had my room key and id inside. what do i do??,Library,High
3695,"I am calm, but my diploma was issued with a major I never pursued. I need a corrected certificate sent before my visa interview tomorrow morning.",Administration,High
2138,i'm having trouble connecting to the vpn from my home network. i need it for my lab report tonight.,IT Support,Medium
3610,urgent admin letter needed today for legal submission,Administration,High
302,I would like to know if the library has a copy of the textbook for 'Introduction to Philosophy'.,Library,Low
3186,The admissions website is showing two different deadlines for the Early Action program. Which one is correct?,Admissions,Medium
3700,transcript error preventing graduation clearance today,Administration,High
5505,The student portal is down and I need to download my unofficial transcript for a job interview that starts in 20 minutes. Please help!,IT Support,High
3098,admissions portal showing incomplete uploaded documents,Admissions,Medium
8554,I would like to request a copy of the university's policy on student conduct from the dean of students office.,Academic Office,Low
6948,HELP ASAP!!! I recived an email saying my residency status changed to out-of-state but I've lived here for 10 years!! THIS IS SO WRONG!!,Admissions,Medium
7890,The student portal is down and i wanted to start my research for a project due next friday. let me know when it is back up.,IT Support,Medium
5605,i'm having a hard time with the new course registration portal. it's not very user-friendly.,Academic Office,Medium
100,idk how to check my final grades from the last semester. where is the link?,Academic Office,Low
7246,the main gate scanner isnt reading my car permit today. i had to wait 10 minutes for the guard. pls check the sensor.,Administration,Medium
8333,My scholarship funds haven't been applied to my account yet and I have a hold on my registration. Classes start in two days.,Finance Office,High
5874,I am writing to report that the vending machine in the basement took my $2 and didn't give me my soda. i would like a refund.,Finance Office,Low
8617,ID card photo outdated needs update,Administration,Medium
4186,PLEASE HELP ME I THINK I LEFT MY GLASSES IN THE LIBRARY AND I CANT SEE ANYTHING TO STUDY FOR MY EXAM ON MONDAY PLS PLS PLS!!!!!,Library,Medium
5557,my student loan funds were sent to the wrong bank account by the university. i need to track these funds immediately for my tuition.,Finance Office,High
1020,I'm having trouble with the online portal for my student containerization (Docker) account.,IT Support,Medium
3900,I am calm but i have been locked out of my dormitory for three hours and my insulin is in my room. it is currently midnight.,Student Housing,High
877,The software 'MatLab' isn't working on any of the library laptops today. It keeps saying 'License Error'.,IT Support,Medium
2369,Can I get a list of all the student organizations that are focused on community service?,Administration,Low
3503,My laptop was stolen from the library ten minutes ago. It contains my only copy of my dissertation.,IT Support,High
670,I noticed that the spelling of my name is incorrect on the official student portal. It's spelled 'Jonathon' instead of 'Jonathan'.,Administration,Medium
4917,my last name is slightly off on official records,Administration,Medium
7818,The Wi-Fi in the dorm is completely down and I have an online exam that starts in 15 minutes. Please help!,IT Support,High
8774,tuition invoice incorrect and payment due in 24 hours,Finance Office,High
3528,Does the finance office have a preferred color of ink for students filling out paper forms?,Finance Office,Low
2118,"My thesis advisor just informed me that my final defense is scheduled for tomorrow morning, but my access to the research server has been revoked. I need this restored immediately to present my findings.",IT Support,High
2105,there is a swarm of wasps coming through the air vent in room 205. we can't stay in the room.,Student Housing,High
4794,My financial aid was suddenly revoked this morning and I have an eviction notice if I don't pay rent by tomorrow.,Finance Office,High
8431,admissions portal showing incomplete application info,Admissions,Medium
5372,I would like to know if there are any student positions available at the library for the upcoming summer break.,Library,Low
1152,Refund stuck in tuition system.,Finance Office,High
130,finance office payment schedule inquiry,Finance Office,Medium
1174,i just found a cat in the dorm hallway. it looks lost. what should i do with it??,Student Housing,Low
7641,The graduation application portal is rejecting my final credits even though my advisor approved them. The window closes in 2 hours.,Academic Office,High
1491,WHATS THE WIFI PASSWORD FOR THE ADMISSIONS OFFICE I AM HERE FOR AN INTERVIEW PLS HELP!!,Admissions,Medium
7233,i need to change my major today or i will lose my full-ride athletic scholarship. the deadline is 5 pm.,Academic Office,High
1019,library newsletter subscription question,Library,Low
1509,my graduation application is showing as 'missing' even though i have a confirmation email. the deadline is tonight at midnight. i am calm.,Academic Office,High
607,I noticed that the vending machine in the basement of the library is out of bottled water.,Library,Low
1927,the magnetic strip on my id card is worn out and it only works about half the time. can i get a replacement this week?,Administration,Medium
5281,The university's portal for international student health insurance is rejecting my proof. The deadline is in 2 hours. i am calm.,Finance Office,High
901,application system logs out unexpectedly,Admissions,Medium
3139,is there any way to get a pink id card instead of the standard blue one? i'd even pay extra for it.,Administration,Low
728,There is a persistent bug in the course registration portal where it drops my 'waitlisted' classes unexpectedly.,IT Support,Medium
139,i'm having a hard time finding a specific journal in the library's online catalog. can u help?,Library,Medium
3105,There is a typo on my name in the system. It should be spelled 'Jonathon' not 'Jonathan'.,Administration,Medium
2739,I'm having trouble with the online portal for my student meal plan change account.,Student Housing,Medium
3756,I noticed that the temperature in the student cafeteria is very high today. Is the air conditioning system even working today?,Administration,Low
5552,Library app freezing now.,Library,Low
7864,pls provide info on general certificate procedures,Administration,Low
6332,I noticed an error on my graduate application where my residency status is wrong. I will be charged $10k extra tomorrow if not fixed.,Admissions,High
3460,Can I get a list of all the student organizations that are focused on student volunteerism?,Administration,Low
941,I haven't heard back about my housing application and it's only one week until the semester starts. I have nowhere to stay.,Student Housing,High
3490,I am having trouble with the online course registration portal. It keeps giving me an 'internal server error' message.,IT Support,Medium
6479,I am calm but my scholarship disbursement is late and i am about to be evicted because i can't pay my rent today.,Finance Office,High
8385,I am unable to access the research database JSTOR. It says 'Access Denied' even though I am logged in through the campus VPN.,Library,Medium
153,How do I sign up for the university's newsletter for student events?,Administration,Low
4176,refund request status unclear in system,Finance Office,Medium
3329,The university's credit card portal for tuition is charging a 10% fee by mistake. i need this corrected before the midnight deadline.,Finance Office,High
6608,"I am writing to mention that my final registration window for my senior courses closes in exactly 45 minutes, and the system is not recognizing my prerequisites. I am quite calm but require a manual override immediately.",Academic Office,High
1684,I AM LITERALLY IN TEARS BECAUSE I DONT KNOW IF THE LIBRARY HAS A VIEW OF THE SUNSET!!!!!,Library,Low
6559,i missed my visa interview because the university forgot to send me the necessary document. i need it reissued by tomorrow or my visa will be denied.,Admissions,High
4740,"hi, i wud like to know if there r any discounts for student bus passes?",Administration,Low
1564,I noticed that the light in the library is flickering and it's making it hard for me to concentrate on my reading.,Library,Low
3870,"The bursar's office is showing a $1,000 late fee on my account even though i paid my tuition early. registration is today.",Finance Office,High
3486,i'm calm but i need to report that the chemistry lab is currently filling with an unknown gas. i have evacuated the building and am waiting outside.,Student Housing,High
533,hey can i get a tour of the library tomorrow morning?,Library,Low
1496,my financial aid package was reduced because of a typo in my parents' tax records. i need to appeal this before the deadline tonight.,Finance Office,High
2958,refund request not yet updated in portal,Finance Office,Medium
8031,OMGGGGG HEEEEEELP I NEED TO KNOW IF THE LIBRARY HAS A STAPLER RIGHT NOW PLS ASAP OR MY ESSAY WILL BE UNFINISHED!!!!!!!!!!,Library,Low
2299,the library's digital collection is missing the 2023 volumes of 'Nature'. is there a subscription issue?,Library,Medium
2710,I'm having trouble with the online portal for my student financial aid award account.,Finance Office,Medium
1869,I am an international student and my health insurance is showing as inactive. I need to see a doctor today.,Administration,High
2420,my canvas login isnt working and the final exam window closes in 45 minutes. i have already tried clearing my cache.,IT Support,High
5208,is there any way to change the meal plan from 14 meals a week to 19? i am always hungry.,Student Housing,Medium
3090,The portal for study abroad applications is showing a database connection error for all students today. deadline is tonight.,Admissions,High
657,I'm looking for the book 'Principles of Neural Science'. The system says it's available but I can't find it on the shelf.,Library,Medium
5025,my password for the university vpn is not working and i need to access the lab data for my project due tonight.,IT Support,High
2527,Exam registration portal error again.,Academic Office,Medium
7367,name spelling slightly incorrect on ID card,Administration,Medium
4533,How can I get a copy of the university's grading policy for a midterm essay I'm writing?,Academic Office,Low
7814,There is a fire in the trash bin outside the library! Please call the fire department immediately!,Library,High
403,pls tell me if i can haz a late checkout for my dorm next month??,Student Housing,Low
7523,i'm having trouble with the university's vpn on my laptop. it keeps saying connection failed.,IT Support,Medium
3156,my graduation application was denied because of an administrative error in my student record. i need this corrected before Saturday.,Administration,High
4834,exam portal error and deadline is within hours,Academic Office,High
610,Could you please provide a list of the required immunizations for international students coming from Brazil?,Admissions,Low
5686,I'm having trouble with the online portal for my student graduation ceremony registration account.,Administration,Medium
8610,Refund for tuition overcharge not processed yet.,Finance Office,High
6819,I am an international student and I'm having trouble with the Social Security Number application process. I need an endorsement letter from the university by tomorrow.,Admissions,High
6889,i want to know the hours for the student health clinic. are they open on saturdays?,Admissions,Low
1092,"My application portal shows that my recommendation letters are missing, but my professors said they sent them. What should I do?",Admissions,Medium
2358,dorm gym usage schedule inquiry,Student Housing,Low
4159,i am writing to follow up on my request for a verification of degree letter. i need it by friday for my new job's hr department.,Administration,Medium
8655,exam location not showing on schedule,Academic Office,Medium
4722,My roommate is being very loud and I can't study for my final exam which is tomorrow morning.,Student Housing,Medium
4285,The student portal is giving me a 403 error on the final day of scholarship applications. I have 3 hours left to submit.,IT Support,High
6915,I am an international student and I'm confused about the tuition payment options for wire transfers from China.,Finance Office,Medium
197,hey can u tell me if the library has any group study rooms that i can book for tomorrow?,Library,Medium
1689,my roommate left for the weekend with my keys and i am locked out of my room. i don't have my shoes or my phone. it's 2am.,Student Housing,High
4531,i want to know if i can bring a microwave to my dorm room if it is under 800 watts? no hurry.,Student Housing,Low
4578,I NEED AN OFFICIAL TRANSCRIPT FOR MY INTERNSHIP BY 5PM TODAY PLEASE!!!!!!!!!!!!,Academic Office,Medium
2518,I am stuck in the compact shelving in the library basement. Someone moved the shelf while I was between them. Help!,Library,High
2337,I would like to request a copy of the university's policy on email use and security.,IT Support,Low
7644,My scholarship was not applied to my account and I have a hold on my account. Tuition is due tomorrow morning.,Finance Office,High
6801,I'm having trouble with the online portal for my student laptop loaner program.,IT Support,Medium
6379,The main gas line in the dormitory kitchen is leaking and i can smell it very strongly. we need help right now.,Student Housing,High
1763,I NEED TO KNOW IF MY FINANCIAL AID HAS BEEN APPROVED SO I CAN BUY MY TEXTBOOKS!!!!!,Finance Office,Medium
5254,URGENT PLEASE HELP!!! I forgot to pick up my mail and I'm worried it will be sent back!!! PLEASE HELP!!!,Administration,Low
3258,I would like to know the deadline for applying for a student research award for the upcoming semester.,Academic Office,Low
1341,"My graduation audit is showing that I am missing a core requirement, but I already took that class. Graduation is in two days and I need this cleared today.",Academic Office,High
1026,the automatic door for the disability entrance is jammed and there is a student waiting outside in the rain. i am calm.,Administration,High
1859,i want to know the deadline for dropping a class without it appearing on my transcript.,Academic Office,Medium
1636,SOS!!!! I DROPPED MY RING DOWN THE SINK DRAIN!!!!!!!! PLEASE SEND SOMEONE NOW TO GET IT OUT!!!!!,Student Housing,Medium
7363,My MFA device was stolen an hour ago. I have a midterm exam on the lockdown browser starting in 30 minutes and I cannot bypass the login.,IT Support,High
8178,I'm having trouble with the online portal for my student version control (Git) account.,IT Support,Medium
4107,I need my official transcript for a job background check due at 5 PM today. The electronic system says I have a hold.,Finance Office,High
6935,i think my heater is broken its getting really cold in here tonight.,Student Housing,Medium
1362,Could you please tell me how to find my student ID number on the portal?,Administration,Low
8394,my student email account is not receiving any emails from my professors and i am missing all my assignment links.,IT Support,High
2702,Can I get a list of all the student organizations that are focused on student advocacy and student government?,Administration,Low
4057,i am trying to register for classes but it says i have a financial hold. i don't owe any money.,Finance Office,High
7906,"cannot access exam form, closes in few hours",Academic Office,High
5033,I'm having a bit of trouble with the washing machines. It seems to have swallowed my quarters and won't start.,Student Housing,Low
5755,pls confirm student enrollment certificate,Administration,Medium
4807,the wifi in the library is down and the final exam for my online class starts in 10 minutes. i am currently in the building.,IT Support,High
8089,I am an international student and I need my I-20 travel endorsement by 3 PM today to keep my flight booking for tonight.,Administration,High
2993,i need to change my official mailing address for the upcoming semester letters. the online form isn't saving my changes.,Administration,Medium
254,I need help with my FAFSA application; it says my parent's SSN is invalid.,Finance Office,Medium
1933,hello i am unable to log into the chemistry lab portal and my pre-lab quiz is due in exactly thirty minutes. i have already tried resetting my password without success.,IT Support,High
8375,Do the admissions tour guides accept feedback on their walking speed? I have some thoughts for next year.,Admissions,Low
6809,"I am unable to register for classes because the system says I am a 'Non-Degree' student, but I am in the PhD program. Registration closes today.",Academic Office,High
6287,MFA authentication failing and assignment due soon,IT Support,High
5166,library booking clarification,Library,Low
3796,I would like to inquire about the university's policy for student internships and credits.,Academic Office,Low
2764,Can't access campus resources due to VPN failure.,IT Support,High
7426,The system keeps saying file too large when I try to upload my 1KB doc. Admissions deadline is in 20 mins. I am quite calm.,IT Support,High
5693,certificate format seems different than requested,Administration,Medium
6846,"My financial aid was revoked by mistake. I was told I'm 'not enrolled', but I am. I need this corrected before the 5 PM payment cutoff.",Finance Office,High
2926,my roommate has locked me out of the dorm and is threatening to throw my belongings into the hallway. i need an RA now.,Student Housing,High
8367,How can I change my major from Psychology to Social Work before the next semester starts?,Academic Office,Medium
1738,certificate not issued and required today urgently,Administration,High
2948,dorm entry system offline cannot access building,Student Housing,High
2363,The university's enrollment portal for the spring semester is showing an 'access denied' error for all international students today.,Admissions,High
8744,I noticed that the light in the library stairwell is out and it's very dark in there. I'm worried about someone tripping and getting hurt.,Library,Medium
7550,Grade portal showing wrong marks.,Academic Office,High
4253,urgent admin letter needed today for legal filing,Administration,High
1542,I found a credit card in the library bathroom. I have dropped it off at the front desk.,Library,Low
580,i'm looking for the university policy on poster placement. i want to put up flyers for my new club next week.,Administration,Low
786,certificate required for visa today not issued,Administration,High
7627,I would like to apply for a tuition waiver because I am a university employee. How do I do that?,Finance Office,Low
7614,OMG URGENT PLS HELP ME I CANT FIND THE PURPLE HIGHLIGHTERS IN THE STUDY STORE I AM LITERALLY GOING TO CRY PLS REPLY ASAP!!!!!!!!!,Administration,Low
5283,I am unable to see my health insurance waiver status. I submitted it over a month ago but the charge is still on my bill.,Finance Office,Medium
6582,Help! I accidentally deleted my entire cloud drive containing 4 years of research and my defense is tomorrow morning.,IT Support,High
8239,Is there a way to get a discount on a gym membership for students?,Administration,Low
1298,What are the hours for the campus bookstore during the summer break?,Administration,Low
635,the portal is down and i need to check my financial aid status before i accept my offer. today is the last day.,Admissions,High
5327,I need help with my application for a student grant for graduate research.,Academic Office,Low
777,PLS HELP WHAT ARE LIBRARY HOURS??,Library,Low
2807,i can't access my online lab exam because of a 403 error. the exam is timed and i am losing points every minute.,IT Support,High
1134,Can you tell me if the library has a subscription to the New York Times?,Library,Low
3666,I mistakenly paid for a parking permit that I don't need anymore. Can I get a refund?,Finance Office,Medium
5467,cannot access exam registration system and it closes today,Academic Office,High
6023,refund status not updated yet,Finance Office,Medium
4729,my room has flooded due to a pipe burst and all my textbooks for finals are destroyed.,Student Housing,High
6086,I'm having trouble with the VPN. It connects but then none of the university-internal websites will load on my Mac.,IT Support,Medium
5181,Are there any quiet study areas in the library that have standing desks?,Library,Low
7397,Can I get a list of all the student organizations that are focused on student community engagement and diversity?,Administration,Low
8064,PLEASE RESPOND ASAP I NEED TO KNOW IF THE CAFE HAS ANY VEGAN OPTIONS I AM SO HUNGRY HELP HELP HELP ME RIGHT NOW!!!!!!!,Student Housing,Medium
5190,I would like to request a copy of the university's policy on software use and licensing.,IT Support,Low
3527,i'm tryin to find the syllabus for intro to psych but the link on the dept page is broken. idc when u fix it just lmk.,Academic Office,Medium
320,academic office info about student clubs,Academic Office,Low
8585,I am trying to find a digital copy of the journal 'Advances in Psychology' but it's behind a paywall. Does the library provide access?,Library,Medium
5612,The system for submitting letters of recommendation is down and the deadline is in three hours for my master's application.,Admissions,High
74,"MFA code missing, cannot log in.",IT Support,High
2393,How can I get a copy of the official university calendar for the next three years?,Administration,Low
207,I am a nursing student and my clinical placement is being revoked because my background check is 'pending'. I need this cleared by tomorrow morning.,Academic Office,High
7717,I would like a review of my transfer credits. One of my courses from my previous institution seems to have been ignored.,Academic Office,Medium
7709,"I would like to calmly report that the dormitory's main boiler is leaking steam into the hallway, which is causing burns.",Student Housing,High
2073,I am writing to request a formal investigation into a grading error that is preventing my military deployment clearance.,Academic Office,High
8074,my financial aid package was canceled because i didn't sign a form i never received. today is the final payment day.,Finance Office,High
1981,System crashed submitting assignment.,IT Support,High
1477,The library is on lockdown due to a security threat nearby. We have no staff instructions and the doors are jammed.,Library,High
2575,is there any specific protocol for requesting an official certificate for my parents' anniversary? they are both alumni.,Administration,Low
1758,uploaded docs but unsure if received,Admissions,Medium
6308,HELP MEEEEEE I NEED TO KNOW IF THE LIBRARY HAS COFFEE RIGHT NOW I AM SO TIRED PLEEEEASE!!!!!,Library,Low
3195,my student id card has been deactivated for no reason and i cannot get into the dining hall tonight.,Administration,High
8095,The university's email system is down and I need to send my final paper to my professor before the deadline in 15 minutes. Please help!,IT Support,High
7100,I would like to request a new wastebasket for my dorm room.,Student Housing,Low
2620,i'm tryin to figure out how to get a student discount for the local bus pass. do i need a form from the admin office?,Administration,Low
1657,file upload stalls midway sometimes,IT Support,Medium
585,I would like to request a new chair for my dorm room. My current one is broken and it's quite unstable when I sit.,Student Housing,Low
5706,course materials not accessible online,Academic Office,Medium
1325,I would like to know the criteria for the dean's list for the social studies major students.,Academic Office,Low
880,Request for official enrollment letter.,Administration,Low
6535,Tuition overpayment refund stuck.,Finance Office,High
2716,dashboard missing some information fields,IT Support,Medium
6533,Are there any student positions available at the campus bookstore for the winter term?,Administration,Low
4206,when is next tuition due date?,Finance Office,Low
2564,i missed the deadline to drop a class because i was in the hospital. i have the doctors note here.,Academic Office,Medium
992,i'm tryin to find out if i can get a bigger chair for my desk bc this one is tiny. no rush tho thx.,Student Housing,Low
8461,The bursar's office has charged me $500 for a meal plan that i never signed up for. i need this corrected tonight.,Finance Office,High
3515,how do i request a replacement for my student id card if it's just cracked but still works fine for the bus?,Administration,Low
4650,pls issue enrollment verification letter,Administration,Medium
1212,"The bursar's office incorrectly charged me $5,000 for out-of-state tuition when I am a resident. I need this corrected before my bank account is debited tomorrow.",Finance Office,High
8745,"I'm being charged $4,000 for a meal plan I cancelled. It’s blocking me from registering for my graduating semester.",Finance Office,High
5387,Is there any way to get a larger desk in my room? The current one is a bit small for my dual-monitor setup.,Student Housing,Low
314,I need to talk to someone about my transcript evaluation. I think some of my transfer credits were not counted correctly.,Admissions,Medium
3394,tuition payment not recorded and deadline is tonight,Finance Office,High
7693,Grade portal shows wrong grades.,Academic Office,High
2969,I am an international student and I need my I-20 travel signature today for my flight tonight at 9 PM. My family is in crisis.,Administration,High
3811,my graduation status says 'Denied' even though I have all my credits. the ceremony is tomorrow and I already have my cap and gown.,Academic Office,High
2627,academic office info on seminar participation,Academic Office,Low
3632,login loop prevents submission before deadline,IT Support,High
1714,The university's application portal for the nursing program is rejecting all pdf uploads. the deadline is in four hours.,Admissions,High
8216,can u tell me if there are any student jobs available in the finance office for the next semester? i'm an accounting major.,Finance Office,Low
3363,dorm furniture adjustment request,Student Housing,Medium
4824,My FAFSA was randomly selected for verification and I need to submit my parents' tax returns today to keep my aid for the spring.,Finance Office,High
5747,I AM SCREAMING BECAUSE I CANT FIND MY DORM ROOM AND IT IS COLD OUTSIDE AND I AM TIRED HELP ME NOW!!!!!!!,Student Housing,Low
717,I noticed that the air conditioning in my dorm room is making a very loud rattling noise and it's keeping me awake during the night.,Student Housing,Medium
2750,I am an international student and I'm confused about the health insurance waiver process and the specific deadlines.,Administration,Medium
411,I smell gas in the communal kitchen of the North Residence Hall. Everyone is evacuating.,Student Housing,High
665,"I am having a very calm day, but I must report that my scholarship funds were mistakenly sent back to the donor. If this is not resolved by Friday, my enrollment will be automatically cancelled.",Finance Office,High
1490,"System crash while submitting assignment, urgent!",IT Support,High
2167,need correction on certificate minor typo,Administration,Medium
3051,Dorm AC broken.,Student Housing,Medium
729,There is a person trying to break into the library through a window! Please send security immediately!,Library,High
7843,acceptance confirmation missing before payment cutoff,Admissions,High
165,The library's elevator is out of order. i need to get to the second floor.,Library,Low
2586,"Cannot access grades, portal shows error.",Academic Office,High
146,i have a question about the prerequisite for biology 202. can i take it concurrently with chemistry?,Academic Office,Medium
5771,exam timetable conflict unresolved and exam tomorrow,Academic Office,High
780,How can I get a copy of the campus safety report for the last five years?,Administration,Low
1046,OMGGGGG I NEED TO KNOW IF THE LIBRARY HAS PINK STICKY NOTES RIGHT NOW I AM DYING HELP ME PLS PLS PLS!!!!!!!!!!,Library,Low
4647,I AM SCREAMING BECAUSE I CANT FIND MY ADMISSIONS INTERVIEW LINK AND IT STARTS IN FIVE MINUTES HELP ME NOW!!!!!!!,Admissions,Medium
7345,The university's credit card portal for tuition is charging a 10% fee by mistake. i need this corrected before i pay tonight.,Finance Office,High
1544,I am unable to see my final exam schedule and my first exam is on Monday.,Academic Office,Medium
3180,the course registration system keeps crashing every time i click 'enroll'. registration for seniors closes in 2 hours.,IT Support,High
7738,requesting official certificate,Administration,Medium
7762,The student portal is displaying my middle name incorrectly. I've tried changing it myself but the system won't let me.,Administration,Medium
966,my student id card is making a weird sound when i swipe it in the dining hall but it still lets me in. is that okay?,IT Support,Low
1709,the laundry machines in my dorm are all broken. when will they be fixed?,Student Housing,Medium
1504,My roommate is being extremely aggressive and I don't feel safe staying in the room tonight. I need to be moved to temporary housing immediately.,Student Housing,High
535,"Refund stuck, tuition portal issue.",Finance Office,High
2039,question about academic advising workshops,Academic Office,Low
856,i am calm but i need to report that my name is misspelled on the graduation certificates being printed tonight. please fix this.,Administration,High
7679,payment plan not displaying full options,Finance Office,Medium
6132,my scholarship disbursement is missing $500. i need this money to buy my textbooks for the semester.,Finance Office,Medium
2466,What are the requirements for applying for the university's Honors Program?,Admissions,Low
2410,I am being harassed by a non-student in the library study area. They are making threats and I am afraid to leave.,Library,High
5917,exam submission system crashed before deadline,Academic Office,High
3549,The printer on the 3rd floor of the library is out of ink and there's no staff around to replace it right now.,Library,Medium
978,"My bank says the wire transfer for my tuition was completed, but the school says it's missing and is canceling my visa sponsorship.",Finance Office,High
6794,clarification on academic leave policy,Academic Office,Medium
4636,The university's system for processing medical waivers for the meal plan is down and the deadline to avoid the charge is today.,Finance Office,High
3046,I AM SCREAMING BECAUSE I CANT FIND THE LINK TO MY ONLINE EXAM AND IT STARTS IN FIVE MINUTES HELP ME NOW NOW NOW!!!!!!!,IT Support,High
3741,i am calm but i need to report that my name is misspelled on the graduation certificates being printed tonight.,Administration,High
4249,Exam registration portal issues.,Academic Office,High
215,There is a person trying to break into the dormitory through a window! Please send security immediately!,Student Housing,High
1265,I noticed that the water in the dorm communal bathroom is very hot and it seems dangerous for the student safety.,Student Housing,Medium
6810,I would like to request a new wastebasket for my dorm room. My current one is cracked.,Student Housing,Low
7696,I would like to request a copy of the university's graduation requirements for my major.,Academic Office,Low
1528,What are the hours for the financial aid office on Fridays?,Finance Office,Low
2034,i want to know the deadline for dropping a class without it appearing as a 'w'. is it today? thx.,Academic Office,Medium
7366,no confirmation email received after applying,Admissions,Medium
290,Help!! I need the gym hours for tonight ASAP my workout partner is waiting!!!!,Administration,Low
8146,student housing minor repair partially completed,Student Housing,Medium
8065,can u tell me if the library has any copies of the book 'the prince' for my politics class next week?,Library,Low
6385,The heating system in the North Dorm is blowing smoke into the rooms. We are all out in the cold. Please assist.,Student Housing,High
263,The student portal is down and I need to register for classes that close in 30 minutes. This is my last semester and I need these classes to graduate.,IT Support,High
3828,library archive access info request,Library,Low
7098,I would like to apply for a student job in the admissions office.,Admissions,Low
6052,"The student portal is returning a 500 error during my final thesis upload. The window for submission closes in exactly 90 minutes. I have tried clearing my cache and using a different browser, but the issue persists.",IT Support,High
8184,I would like to appeal a parking fine I received. I have a valid permit but it was obscured by snow.,Administration,Medium
5632,payroll issue clarification request,Finance Office,Medium
1612,I am an international applicant and I'm having trouble with the online application portal. It keeps freezing.,Admissions,Medium
557,I need to find out who my academic advisor is. I need to get my graduation application signed today.,Academic Office,High
2506,The university's online grade portal is down and I need to check my GPA for a scholarship application that is due in 30 minutes. Please fix it now!,IT Support,High
5568,someone has stolen my identity and used my student credentials to change my emergency contact and personal info. I need an immediate lock.,Administration,High
4885,The light above my dorm vanity is flickering.,Student Housing,Low
5910,where can i request official transcript?,Administration,Low
3142,administration office transcript verification pending,Administration,Medium
5743,i'm having trouble with my university email. it keeps saying my account is disabled.,IT Support,Medium
3339,I NEED TO KNOW MY GPA RIGHT NOW FOR AN INTERNSHIP APPLICATION PLS HELP ME I AM SO ANXIOUS!!!!!!!!!!,Academic Office,Low
43,I NEED TO KNOW IF THE ADMISSIONS OFFICE HAS A LIFT BECAUSE I HAVE A HEAVY BOX HELP ME ASAP!!!!!,Admissions,Low
3600,the bathroom in my dorm room is flooding. water is covering the entire floor and moving into the hallway.,Student Housing,High
7437,i am calm but the registration system is down and my window for selecting my final year capstone class ends in 1 hour.,Academic Office,High
480,The university's email server is being used for a massive phishing attack and I think my personal info is stolen.,IT Support,High
2406,Can I borrow additional library books?,Library,Low
1434,can you tell me where the finance office is located? i am new to campus.,Finance Office,Low
5330,Can I get a copy of the university's policy on academic integrity?,Academic Office,Low
4961,There is a loose floorboard in the hallway outside my dorm room that is a tripping hazard.,Student Housing,Medium
5617,My scholarship check was lost in the mail and I need to request a new one. My tuition is due in three days.,Finance Office,High
3040,I'm having trouble with the online portal for my student application programming interface request account.,IT Support,Medium
4012,The system keeps saying file too large when I try to upload my 1KB doc. Admissions deadline is in 20 mins.,IT Support,High
1029,payment confirmation email not received yet,Finance Office,Medium
5565,pls fix my grade... prof said it was an A but portal says B. thx.,Academic Office,Medium
2725,i want to know if the library has a copy of the textbook for my history class.,Library,Low
6053,is there any way to change my meal plan from 10 meals a week to 15? i am always hungry in the evenings.,Student Housing,Medium
3478,i'm tryin to figure out if i can get a bigger desk for my room bc this one is tiny. no rush tho thx.,Student Housing,Low
6656,The MFA phone call option is not working and I am traveling internationally. I have a placement test in 1 hour.,IT Support,High
625,i'm having trouble with the university's printer. it's not recognizing my student id card when i tap it on the sensor to pay.,IT Support,Medium
4600,"I noticed that my private student records, including my SSN, are visible in the public student directory. This needs to be fixed now.",Administration,High
5883,I would like to inquire about the status of my application for a tuition installment plan for the Spring semester.,Finance Office,Medium
327,I AM BEGGING YOU!! My application says 'Incomplete' because of my counselor's letter but she said she sent it twice!!,Admissions,Medium
5484,how do i change my major from biology to psychology? i've decided that i don't like science anymore.,Academic Office,Low
4561,the portal is saying i'm 'rejected' after i already received an 'accepted' letter. i need to know my real status before i move tomorrow.,Admissions,High
1873,The stove in the communal dorm kitchen is only heating up on two of the four burners. Can someone take a look?,Student Housing,Medium
923,Can someone please explain why my FAFSA data is showing as 'Not Received' in my portal when it was sent weeks ago?,Finance Office,Medium
1256,I am getting an error code 500 when trying to access the student portal from my laptop.,IT Support,Medium
761,i lost my physical id card but i have a digital copy. can i use that to enter the testing center today?,Administration,Medium
3119,I am being harassed by a former roommate in the residence hall. I don't feel safe in my room tonight.,Student Housing,High
2927,I NEED TO KNOW IF THE LIBRARY HAS ANY PENS I FORGOT MINE AT HOME AND I HAVE A TEST IN 5 MINS HELP!!!!!!!,Library,Low
2817,I am an international student and I'm confused about the tax filing requirements for student workers.,Finance Office,Medium
7217,THE WIFI IN THE LIBRARY IS SOOOOO SLOW I CANT EVEN WATCH MY LECTURE PLS FIX IT NOW I AM GOING CRAZY!!!!!!!,IT Support,Medium
1482,i am writing to request a name correction on my records. my middle initial is 'j' not 'k'. there is no rush for this change.,Administration,Low
4444,i need to talk to someone about my meal plan charges. i think i was billed for the premium one by mistake.,Finance Office,Medium
7466,finance office partial fee adjustment request,Finance Office,Medium
1014,the ceiling in the dormitory lobby is falling down and there is debris everywhere. we need help right now.,Student Housing,High
7559,"The admissions portal is failing to accept my final transcript upload, and the deadline for my conditional offer is in four hours. I am very concerned.",Admissions,High
1177,window latch in dorm is loose,Student Housing,Medium
2820,PLEASE RESPOND ASAP I NEED TO KNOW IF I CAN USE THE UNIVERSITY'S GYM IF I AM ONLY TAKING ONE CLASS THIS TERM!!!!!!!,Administration,Low
7555,official document has minor spacing inconsistencies,Administration,Medium
8455,I need to find out who my advisor is so I can get my classes approved for next semester. Registration opens tomorrow.,Academic Office,High
4058,A pipe in the ceiling above my server rack just burst. I need someone to cut the power and help move the gear.,IT Support,High
2254,I AM LITERALLY IN TEARS BECAUSE I CAN'T FIND THE RECYCLING BIN FOR BATTERIES IN THE IT BUILDING!!! HELP ME!!,IT Support,Low
8191,I am trapped in the laundry room because the door handle fell off and the window is barred. There is no cell service in here.,Student Housing,High
1830,I need help with my application for a student scholarship for students in the arts.,Finance Office,Low
572,The financial aid office lost my parents' tax documents and now my loan is not being disbursed. Today is the final payment day.,Finance Office,High
507,there is a mistake on my student record regarding my home address. it says 'streeet' with three e's. pls fix when u can.,Administration,Low
4888,dorm maintenance tips request,Student Housing,Low
8373,"Hello. I am requesting a formal review of my financial aid package. My parents' income has changed significantly due to a medical emergency, and I cannot afford the next installment due in 48 hours.",Finance Office,High
5737,I would like to request a copy of the university's policy on internet use and security.,IT Support,Low
253,the library's printer is out of paper on the second floor.,Library,Low
101,I need to know the requirements for graduating with a minor in Art History.,Academic Office,Low
5364,i want to know the deadline for applying for graduation for the spring semester. where is that on the portal?,Academic Office,Medium
340,hey can u tell me if the admissions office is hirin any student workers for the winter break? id like to apply.,Admissions,Low
4021,"Forgot MFA code, cannot access portal.",IT Support,High
2415,dorm maintenance schedule inquiry,Student Housing,Medium
3729,Who was the commencement speaker in the year 2012? I'm curious about the university's history.,Academic Office,Low
4291,"i missed the payment deadline for my health insurance waiver and now there is a $2,000 charge on my bill. i already have private insurance.",Finance Office,Medium
6553,SOS MY ENTIRE BIBLIOGRAPHY WAS DELETED AND MY PAPER IS DUE IN THREE DAYS PLS HELP ME RECOVER IT!!!!!!!!!!,IT Support,Medium
2202,"Admission docs incomplete, submission deadline tomorrow.",Admissions,High
5222,i want to know the requirements for a minor in psychology. where can i find that information?,Academic Office,Low
3596,I am calm but i was just notified that my admission has been rescinded due to a transcript error that needs to be fixed today.,Admissions,High
7206,I would like to request a copy of the university's policy on academic integrity for a class project.,Academic Office,Low
2936,I'm having trouble with the course management system; it's not showing one of my classes.,IT Support,Medium
5117,locked out of dorm room at midnight with no access,Student Housing,High
5346,Heating in my dorm room is not working properly.,Student Housing,Medium
5895,I would like to request a copy of the university's policy on travel and business expenses.,Finance Office,Low
22,"My financial aid package was reduced without explanation, and now I cannot cover the balance due tomorrow morning.",Finance Office,High
8519,dorm keycard stopped working and I am locked out,Student Housing,High
6897,i'm having trouble with the wifi in my dorm room. it's very slow and i can't watch my lectures.,IT Support,Medium
6806,I'm having trouble downloading the required software for my computer science class. It says my license is invalid.,IT Support,Medium
1777,Official transcript needed for visa.,Administration,Medium
2478,application portal shows duplicate entries,Admissions,Medium
2424,i want to know the university's policy on pets in the dorm. can i have a small turtle in a tank? thx.,Student Housing,Low
3555,i want to know the requirements for the dean's list. where can i find that info?,Academic Office,Low
4437,I'm interested in the double major program. Who is the administrative contact for the psychology department?,Academic Office,Medium
5561,how do i change my major from bio to psych? i decided i dont like science anymore.,Academic Office,Medium
297,I was incorrectly accused of academic dishonesty and my final grades are being held. My grad school starts on Monday and they need my grades.,Academic Office,High
4619,The air conditioning in the South Dorm has been out for three days. It's almost 90 degrees in my room.,Student Housing,High
2594,can u tell me if the admissions office is hiring any student workers for the winter break?,Admissions,Low
5120,I am writing to formally request a review of my final grade for CS101. I believe there was a calculation error in the final project score.,Academic Office,Medium
421,I am an international student and my enrollment status must be updated to 'Full-time' by the end of the day or my visa will be revoked.,Academic Office,High
3067,I'm interested in the study abroad program for Japan. Who do I talk to?,Academic Office,Low
8672,idk how to check if a book is available or not can someone show me?,Library,Low
2430,The door lock on my dorm bathroom is broken.,Student Housing,High
5006,There is a massive leak in the ceiling of the library archives. Valuable books are getting wet! HELP!,Library,High
5046,I would like to request a copy of the university's policy on university data classification.,IT Support,Low
4957,i can't access my digital textbooks on the library site and i have a major quiz starting in 20 minutes.,Library,High
5442,locked outside dorm late night no staff reachable,Student Housing,High
330,I would like to know the deadline for submitting my honors thesis proposal.,Academic Office,Low
3039,library event participation guidance,Library,Low
2771,I am writing to inform you that my financial aid package was reduced because of a typo in the record. i need to appeal this tonight.,Finance Office,High
2355,"The registrar's office has misplaced my paper registration for the core curriculum course, and the last remaining seat is held for only 1 hour.",Academic Office,High
3738,OH MY GOD PLEASE TELL ME IF THE LIBRARY HAS A COLLECTION OF COMIC BOOKS FROM THE 1940S!!!!,Library,Low
2161,I noticed that the air conditioning in the student union is making a very loud whistling noise and it's annoying.,Administration,Low
2841,i missed the deadline for the graduation ceremony registration. is there any way i can still walk?,Administration,High
7981,library info on book return lockers,Library,Low
4982,i'm tryin to find the syllabus for my math class but the link is dead on the portal. can u fix it?,Academic Office,Medium
7312,the heater in my dorm is making a very loud clicking sound and i haven't been able to sleep for three nights.,Student Housing,Medium
2866,I'm having an issue where my transcript is showing an 'Incomplete' for a class I finished two years ago. I need this cleared to graduate next month.,Academic Office,High
2947,my degree conferral is being blocked by a $500 library fine for a book I returned on time. graduation is tomorrow.,Library,High
1376,"I received an email stating that my graduation application has been delayed because of a fee payment issue, but I've already paid. I need this resolved today as graduation is tomorrow.",Finance Office,High
2423,my dorm room was left unlocked by the cleaning staff and my laptop is missing. i need to file a claim right now.,Student Housing,High
4969,how connect wifi pls?,IT Support,Low
1473,i am currently locked out of my dormitory room. it is 2:00 AM and i do not have my phone or shoes. please send a resident assistant to floor 4 immediately.,Student Housing,High
3581,"The university's system for submitting health insurance waivers is offline and the $1,500 fee will be charged to my account in 4 hours.",Finance Office,High
3065,I am an international student and I'm confused about the tuition payment options for wire transfers.,Finance Office,Medium
1522,I'm having trouble with the online portal for my history class. It won't let me upload my assignment because the file size is too big.,IT Support,Medium
4414,i want to know if i can have a microwave in my dorm room. what are the rules?,Student Housing,Low
8482,The library is out of books on the third floor. Can someone please restock the shelves?,Library,Low
1603,Does the library have a copy of the textbook for 'Introduction to Psychology'? I can't afford to buy it.,Library,Low
4716,hey can u tell me if the library has any copies of the book 'the prince' for my politics class next week? thx.,Library,Low
952,I'm having trouble with the heating in my dorm room. It's freezing in here.,Student Housing,Medium
4987,I would like to suggest that the Admissions Office adds a virtual tour specifically for the basements of the buildings.,Admissions,Low
1638,Need enrollment verification for scholarship.,Administration,Medium
7816,one assignment grade missing from portal,Academic Office,Medium
5814,I would like to know if the university offers any financial assistance for students who want to study abroad.,Finance Office,Low
2579,Exam registration page timeout.,Academic Office,Medium
5260,URGENT!!!! I think i left my charger in the cafe and my phone is on 1% and i need to call my mom right now!!!!,Administration,Low
7212,I think I was charged for a meal plan I didn't sign up for. My bill is $1200 higher than expected.,Finance Office,Medium
4617,The noise level in the 'Quiet Study Zone' on the 4th floor of the library is way too high. Can a staff member walk through?,Library,Medium
6421,The university's online course catalog is down and I need to select my courses for the upcoming semester before they fill up. Registration opens in 5 minutes. Please fix it!,IT Support,High
3444,I would like to request an official physical copy of the student handbook from the university administration office.,Administration,Low
4728,is there a way to request a specific roommate for next semester or is it random?,Student Housing,Low
5866,i need an emergency withdrawal for medical reasons. i am scheduled for surgery tomorrow and cannot complete the term.,Academic Office,High
162,Could you please verify if the AP Chemistry credit has been applied to my record? It’s not showing up on my degree progress report.,Academic Office,Medium
5156,calmly asking but system down before deadline tonight,IT Support,High
704,The study table lamps on the 2nd floor are flickering so bad it gives me a headache. can someone swap the bulbs?,Library,Medium
7782,OMG WHEN LIBRARY CLOSE??,Library,Low
6784,library room availability info,Library,Low
6075,request student ID verification,Administration,Low
2669,uploading additional docs but not sure if received,Admissions,Medium
136,Admissions docs cannot be uploaded.,Admissions,High
115,"MFA code missing, can't log in to portal.",IT Support,High
5920,"Refund stuck, tuition portal problem.",Finance Office,High
8696,administration office certificate request partially processed,Administration,Medium
1268,I am calm but my graduation status has been revoked due to a missing credit that was already verified today.,Academic Office,High
6296,"the admissions portal says 'Incomplete' because of a missing English proficiency test, but I am from the UK and should be exempt.",Admissions,Medium
2757,I was wrongly accused of plagiarism in a system error and my degree has been withheld. I start a job on Monday and need my transcript.,Academic Office,High
2036,I'm having trouble with the library's online portal for interlibrary loans.,Library,Medium
4231,The proctoring extension is flagging me for 'No Face Detected' and wont let me start my exam. Exam starts in 5 mins.,IT Support,High
4922,I would like to inquire about the university's policy for student research grants.,Academic Office,Low
5350,I am unable to see my student billing history and I need to provide it for my visa renewal tomorrow at 8 AM.,Finance Office,High
679,idk how to check if my library books are overdue can u help me find that on the portal later today?,Library,Medium
4223,general info about admin office locations and services,Administration,Low
848,Someone in my dorm is playing loud music and it's making it hard for me to sleep.,Student Housing,Low
5751,"The international student portal is rejecting my visa scan, and my mandatory check-in deadline is in 12 hours. i am calm.",Admissions,High
424,Can I borrow a telescope from the library for a weekend trip to the mountains?,Library,Low
6978,I need to find out where the bursar's office is located so I can pay my lab fees.,Finance Office,Low
6101,the scanner in the computer lab is only saving files as black and white even when color is selected.,IT Support,Medium
5672,i'm interested in the 2035 master's program. will the application process be all AI by then?,Admissions,Low
2152,"My graduation audit is showing that I am missing a core requirement, but I already took that class. Graduation is in two days and I need this cleared by tomorrow.",Academic Office,High
3289,I am unable to submit my housing preference form and the priority deadline is in 90 minutes. I have tried three different browsers.,Student Housing,High
7348,id like to know if i can take a placement test for german or if i have to start at level 101.,Academic Office,Low
4327,requesting verification letter for part-time job,Administration,Low
1394,i'm tryin to find the library's policy on borrowing laptops. can i take it home for the weekend?,Library,Medium
7268,I need my study abroad credits verified today. My visa extension depends on me being a full-time student and the report is due tomorrow.,Academic Office,High
8703,Can students request a private tour of the admissions vault where the records are kept?,Admissions,Low
1831,i have a question about the university's policy on smoking on campus. is there a designated area?,Student Housing,Low
6324,is guest access allowed in dorms?,Student Housing,Low
7152,Help! I accidentally deleted my entire project from the shared server and I need it by 9 AM tomorrow.,IT Support,High
4779,i need to know the requirements for graduating with honors. where is that info?,Academic Office,Low
208,My roommate is being very loud and I can't study for my final which is tomorrow morning at 8 AM.,Student Housing,Medium
351,My laptop was stolen from the student center 10 mins ago. It has my only copy of my dissertation due tonight.,IT Support,High
3392,is there any way to get a copy of my unofficial transcript from last year? i just want to check my old grades.,Academic Office,Low
1196,I am inquiring about the deadline for declaring a minor for the current academic year. i couldn't find it on the website.,Academic Office,Medium
21,I would like to inquire about the process for requesting a new roommate for the next semester. My current living situation is not ideal.,Student Housing,Medium
5340,i'm tryin to figure out how to get a student id for my spouse. they want to use the library on weekends. thx.,Administration,Low
3150,my graduation application is showing as 'incomplete' even though i have all the credits. graduation is in 48 hours.,Academic Office,High
4558,I need help with my application for a student scholarship for students in the humanities and computer science.,Finance Office,Low
5707,Is there a way to get a copy of the university's master plan?,Administration,Low
5480,I am a prospective student and I'm confused about the application requirements for the education program.,Admissions,Low
190,can i update my application info later?,Admissions,Low
6370,I need help with my application for a student grant for interdisciplinary research.,Academic Office,Low
8624,I'm having trouble with the library's online portal for access to scholarly journals in the sciences.,Library,Low
1408,i want to know the hours of the library during finals week. are they open 24 hours starting tomorrow? thx.,Library,Low
4882,There is a power outlet in the West Dorm lobby that sparked when I plugged in my charger. It needs to be checked.,Student Housing,Medium
870,"The university's registration system has erroneously placed a financial hold on my account, and registration closes in 1 hour.",Finance Office,High
560,i'm looking for a copy of the official university seal for my scholarship application next month. thx.,Administration,Medium
11,application progress bar resets after refresh,Admissions,Medium
5135,"idk why portal slow, kinda annoying",IT Support,Medium
1248,I'm looking for information about the work-study program. Who should I contact to see if i'm eligible for next term?,Finance Office,Medium
1837,the portal is showing that i have a 'Prerequisite Error' for a class I'm already in. can someone fix the system bug?,Academic Office,Medium
4820,"I mistakenly paid my tuition twice, and my bank account is now $12,000 overdrawn. I need an immediate refund to pay my rent.",Finance Office,High
5556,my student email account has been compromised and someone is sending phishing links. please lock it immediately.,IT Support,High
7989,My room key is not working and it's 2 AM and freezing outside. There is no one at the front desk.,Student Housing,High
8719,I missed the graduation application deadline by 10 minutes because the site was undergoing maintenance. I need to walk this semester.,Academic Office,High
334,"The professor is refusing to let me take the final because my name is missing from the roster, even though I'm enrolled.",Academic Office,High
6620,"To whom it may concern, the air conditioner in the main lecture hall is extremely loud and making it difficult to hear the professor.",Academic Office,Medium
8115,I need help with my application for the study abroad program in London.,Academic Office,Medium
7790,I am having trouble with the dual-factor authentication. It keeps sending the code to my old phone number.,IT Support,Medium
6471,I am an international student and I'm having trouble with the work authorization on my visa. I need a letter from the university by tomorrow.,Admissions,High
369,i want to know if there is a microwave in the library that students can use for lunch.,Library,Low
3209,i'm tryin to find out if the admissions office is hirin for the tour guide position next semester. lmk thx.,Admissions,Low
2848,I found an intruder sleeping in the laundry room. They are acting aggressively toward students.,Student Housing,High
1311,i am calm but my student visa i-20 form was mailed with the wrong birthdate and my embassy interview is tomorrow morning at 9am.,Admissions,High
7200,"I just received a notification that my housing contract has been canceled for next year, but I already paid the deposit.",Student Housing,High
44,my tuition was paid by my employer but the portal still shows an outstanding balance. i don't want to get charged late fees.,Finance Office,Medium
1424,I noticed that the air conditioning in my dorm room is making a very loud rattling noise and it's making it hard to sleep.,Student Housing,Medium
6266,i have a question about the university's grading scale. what is a passing grade?,Academic Office,Low
5223,My tuition payment has been 'Pending' for 10 days. I have a registration window in 2 hours and I cannot add classes with a pending status.,Finance Office,High
503,library e-resource access question,Library,Medium
6996,The library's interlibrary loan system is down. I need a book for my thesis by the end of the week.,Library,Medium
4802,system froze during upload right before submission deadline,IT Support,High
3802,My final grade for CS101 is incorrect. I have the graded midterms to prove it.,Academic Office,Medium
8852,The enrollment portal is returning an access denied error for all seniors today. Today is the final registration day. I am calm.,Admissions,High
5039,wifi down during online exam submission,IT Support,High
3907,"i am calm, but the enrollment deadline for the fall semester is tomorrow and my transcripts are still marked as missing.",Admissions,High
438,someone is stealing textbooks from the library reserve section right now. i see them putting them in a large duffel bag.,Library,High
5825,I would like to know the deadline to register for classes for the spring semester.,Academic Office,Low
36,I found a bug in the course registration portal that allowed me to enroll in two classes scheduled at the same time.,IT Support,Medium
576,My scholarship was not applied to my student account and I have a registration hold. Tuition is due tomorrow morning at 11 AM.,Finance Office,High
4401,login session expires too quickly on portal,IT Support,Medium
2850,hi can u tell me if the library has any group study rooms that i can book for next month?,Library,Low
8594,Someone in my dorm is unconscious after using an unknown substance. We need medical help and the RA immediately.,Student Housing,High
7067,"I am writing to politely inform you that my tuition payment portal is returning a server error. Since the enrollment period for my final semester closes in exactly 90 minutes, I would appreciate it if a manual override could be processed to prevent my withdrawal.",Finance Office,High
2328,HOW DO I LOG IN TO THE WIFI??? I NEED TO WATCH NETFLIX RIGHT NOW!!!!! PLS HELP ASAP!!!!!,IT Support,Low
5481,portal shows outdated info sometimes,IT Support,Medium
6134,my application was selected for audit and the documents are due in 2 hours but the upload tool is broken.,Admissions,High
164,"The university's system for submitting health insurance waivers is offline and the $1,500 fee will be charged to my account at midnight.",Finance Office,High
7442,I noticed a small crack in the tile of the communal shower. It's not dangerous yet but should probably be looked at.,Student Housing,Low
3775,idk how to use the washing machine in the basement it keeps making a beep noise help?,Student Housing,Medium
7080,I am having trouble connecting my laptop to the university's VPN. It keeps giving me an 'authentication failed' error.,IT Support,Medium
2962,i'm tryin to figure out how to get a student discount for the local bus pass. do i need a specific letter?,Finance Office,Low
5329,pls confirm graduation document requirements,Administration,Medium
4242,dashboard missing some profile details,IT Support,Medium
3101,I need help with my application for a student scholarship for underrepresented minorities.,Finance Office,Low
6858,i need to update my legal name in the system but I don't see an option to upload my new marriage certificate. where do i send it?,Administration,Medium
5488,I'm having trouble with the citations on my bibliography. Could someone from the research desk help me with APA style?,Library,Medium
299,i paid my tuition but it's not showing up on my account. i have a receipt from the bank.,Finance Office,Medium
3439,The projector in the main auditorium is flickering. It's making it hard for students in the back to see the guest speaker's presentation.,IT Support,Medium
8130,Need transcript for job application.,Administration,Medium
5234,exam registration clarification needed,Academic Office,Medium
4847,submission portal froze while uploading thesis due tonight,IT Support,High
7124,my student id card has been deactivated for no reason and i cannot get into the dining hall tonight. i am very hungry now.,Administration,High
3160,admission document correction needed,Admissions,Medium
5079,I am an international student and my visa documentation is missing a signature. I have a visa interview today.,Admissions,High
5791,I found a wallet in the library bathroom. I have left it at the front desk.,Library,Low
1892,idk how to check my gpa on the new site version. can someone send a link?,Academic Office,Low
7654,I would like to inquire about the requirements for the study abroad program in Paris for the next semester.,Academic Office,Low
1383,library newsletter content suggestion,Library,Low
5457,I would like to request a copy of the official university calendar for the next academic year.,Administration,Low
8504,application portal lost my uploaded docs before cutoff,Admissions,High
3114,The main gas line in the dormitory kitchen is leaking and i can smell it very strongly. we need an evacuation.,Student Housing,High
5850,my financial aid package says 'pending' but the tuition deadline is tonight. i'm really scared i'm going to be dropped from my classes!!!! help me pls!!!,Finance Office,High
5809,Is there a way to get a copy of my high school transcript from the university?,Admissions,Low
7139,The student portal keeps crashing when I try to pay my tuition. The deadline is in four hours and I don't want to lose my classes.,IT Support,High
2364,The software required for our lab (SPSS) isn't opening on any of the computers in the IT lab.,IT Support,Medium
1461,Emergency!! I forgot to pay my graduation fee and I think they wont let me walk!! The ceremony is next month but I am crying right now!!,Finance Office,Medium
1344,Could you please provide information on the deadlines for the Fall 2026 intake for international graduate students?,Admissions,Low
4823,login loop prevents assignment submission before deadline,IT Support,High
6923,I am having trouble connecting my game console to the dorm Wi-Fi.,IT Support,Medium
133,The elevator in the dorm is stuck and I'm trapped inside with three other people. Please send emergency services immediately!,Student Housing,High
1370,I need help with my graduate school application; I'm not sure which professors to ask for letters of recommendation.,Academic Office,Low
4411,i'm tryin to figure out how to get a copy of my official transcript for a job interview tomorrow.,Academic Office,Medium
633,i need a copy of the official course catalog from 2018 for my job application. no rush.,Academic Office,Low
3707,idk how to check if a book is available in the library from my phone. is there an app for students?,Library,Low
7522,I am unable to see the 'Schedule of Classes' for the summer term. The page just loads a white screen.,Academic Office,Medium
4226,the air conditioning in the dorm room 312 is making a high-pitched whistling sound whenever it's on.,Student Housing,Medium
3293,id like to know if the university provides certificates for participation in the student leadership workshop. no rush.,Administration,Low
5971,mfa codes are not sending to my phone and i have a timed lab assignment starting in 5 minutes.,IT Support,High
639,my scholarship check was lost in the mail and the tuition deadline is at 5pm today. i need a way to pay without being charged late fees.,Finance Office,High
1442,My medical records for the health center were mixed up with another student's. I am being given the wrong medication.,Administration,High
1330,the registration system is down and my window for selecting my final year capstone class ends in 1 hour.,Academic Office,High
2303,My tuition payment is showing as 'Rejected' even though I have the funds. My final deadline to pay is tonight at midnight.,Finance Office,High
1857,I'm having trouble with the online portal for my student virtual private network (VPN) access.,IT Support,Medium
7208,window in dorm not closing fully,Student Housing,Medium
3547,I would like to request a new curtains for my dorm room because my current ones are very old.,Student Housing,Low
3009,ID card photo outdated needs replacement,Administration,Medium
4702,I noticed that the carpet in the hallway of building C is coming up at the edges and it's a bit of a trip hazard for all the students.,Student Housing,Low
385,Overpaid tuition refund stuck.,Finance Office,High
1469,The bursar's office is showing a hold on my account for a library fine from 2 years ago that i already paid. registration closes in 2 hours. i am calm.,Finance Office,High
3813,Could you please tell me the hours of operation for the university career center?,Administration,Low
5431,admission fee payment guidance inquiry,Admissions,Medium
4760,I am a prospective student and I would like to know if you accept Duolingo English Test scores for international admission.,Admissions,Low
6906,The scholarship funds have not been applied to my account balance and the payment is due at midnight tonight or i will be charged a $500 fee.,Finance Office,High
1123,i want to know the deadline for dropping a class without it appearing as a 'w'. is it today?,Academic Office,Medium
3764,HELP! I accidentally submitted my midterm exam blank. Is there any way for me to redo it today?,Academic Office,High
1520,I missed the deadline to apply for graduation because I was in the hospital. I need an exception today to walk on stage this weekend.,Academic Office,High
8591,The fire sprinkler in my room is currently leaking and water is dripping directly onto my laptop. I have evacuated the room.,Student Housing,High
1953,i am requesting an official letter of good standing for a summer internship. the application is due at the end of the month.,Administration,Medium
3553,The portal for international health records is rejecting my vaccine card. the deadline is tonight at midnight.,Admissions,High
3371,I would like to inquire about the possibility of changing my major to Physics. What are the specific requirements for an internal transfer?,Academic Office,Medium
3013,the library's sprinkler system was triggered by accident. the 3rd floor is covered in water and the archives are in danger.,Library,High
149,I am having trouble with the online payment system for the student health insurance premium.,Finance Office,Medium
2135,I am having trouble with the online payment system for the graduation fee. It keeps timing out when I try to submit my payment.,Finance Office,Medium
3777,i am unable to log in to my student email. it says my account is disabled.,IT Support,Medium
7143,I'm just wondering if there are any quiet study areas in the library that aren't on the third floor.,Library,Low
2375,HELP!! I THINK THERE IS A GHOST IN MY DORM ROOM I AM SO SCARED PLEASE MOVE ME NOW!!!!!!!!!!,Student Housing,Low
3736,The electronic database for the bar exam prep materials is down. My exam is tomorrow morning and I need my notes.,Library,High
1969,I'm having trouble with the library's online search for maps and geographical data.,Library,Low
8364,"I am having trouble with the air conditioning in my dorm. It's not broken, but it makes a very high-pitched whistling noise when it's on high.",Student Housing,Medium
2662,"I am calm but the university bank account information on the tuition portal is incorrect and my wire transfer of $15,000 is due today.",Finance Office,High
2463,EVERYONE IS GOING TO HATE ME IF I DONT FIND OUT IF THE LIBRARY HAS A SUBSCRIPTION TO VOGUE RIGHT NOW!!!!!,Library,Low
5417,The dresser in my dorm room is missing a handle.,Student Housing,Low
5056,My professor is using a software that requires a license I don't have. The first assignment is due in 4 hours.,IT Support,Medium
2219,URGENT!!!! I NEED TO KNOW IF THE UNIVERSITY HAS A LOST AND FOUND FOR UMBRELLAS IT IS RAINING SO HARD AND I DONT WANT TO GET WET!!!!,Administration,Low
3546,room heater turns on but not maintaining temp,Student Housing,Medium
500,payment status not correctly updated after recent transaction,Finance Office,Medium
3952,URGENT: I accidentally sent my tuition wire to a scammer using a link from a phishing email. Can the university intervene?,Finance Office,High
1811,Grade portal shows incorrect marks.,Academic Office,High
468,OH MY GOD TELL ME NOW IF THE DORM ROOMS HAVE ADJUSTABLE LIGHTING OR JUST ON/OFF SWITCHES!!!!,Student Housing,Low
6814,My scholarship check was delivered with a typo in my name and the bank won't cash it. Tuition is due tomorrow morning.,Finance Office,High
3187,hello i need a copy of my enrollment certificate for my new apartment but i'm not in any rush just whenever u guys have time thx,Administration,Low
1402,lecture notes link broken for one course,Academic Office,Medium
1312,i have a question about my tuition bill. it seems higher than i expected.,Finance Office,Low
5645,The official university system for submitting medical immunization records is showing a database error and the deadline to avoid registration cancellation is in four hours.,IT Support,High
7441,I'm having trouble with the online portal for my student software license renewal account.,IT Support,Low
3958,hey can u tell me if the library has any extra copies of the textbook for bio 101? i need it for my test tomorrow.,Library,Medium
6901,tuition discrepancy clarification,Finance Office,Medium
1392,I noticed that the library website is very slow today and I can't access any of the research databases for my research project.,Library,Medium
7516,i want to know if there are any student jobs available in the admissions office for next semester? i like giving tours.,Admissions,Low
7921,office hours for admin help desk?,Administration,Low
292,Library app crashing.,Library,Low
619,The sink faucet in my dorm bathroom is loose.,Student Housing,Low
3822,the library printer charged me for 10 pages but only 3 actually printed. the paper jammed on the rest.,Library,Medium
2987,OMGGGGG I THINK I LOST MY ENTIRE BIBLIOGRAPHY AND MY PAPER IS DUE IN AN HOUR HELP ME RECOVER IT NOW!!!!!,IT Support,Medium
2124,"Library website slow, can't reserve books.",Library,Low
2505,portal sometimes shows wrong course status,IT Support,Medium
4931,admissions document verification partially complete,Admissions,Medium
5914,I'm having trouble with the online submission portal for my history class. It won't let me upload my 50MB file.,IT Support,Medium
8224,portal shows duplicate application entries,Admissions,Medium
2374,My scholarship was not applied to my student account and I have a registration hold. Tuition is due tomorrow morning at 9 AM local time.,Finance Office,High
5610,The university's system for submitting internship credit applications is down and the deadline for the summer semester is in 4 hours.,Academic Office,High
754,airflow inconsistent in dorm room,Student Housing,Medium
3601,exam registration failed and closes in few hours,Academic Office,High
2445,I noticed that the library's database for medical students is down during the final board exam prep week.,Library,High
1982,i'm havign trouble with the university's vpn on my windows laptop it keeps saying connection failed.,IT Support,Medium
2902,The university's portal for international student visa tracking is down and i need to upload my documents for my flight in 24 hours. i am calm.,Admissions,High
4832,the smoke detector in my room is beeping every 30 seconds and i cant sleep. please help.,Student Housing,Medium
1263,I'm having trouble downloading the VPN client for my Mac. It keeps saying the developer cannot be verified.,IT Support,Medium
7117,Tuition portal freezing.,Finance Office,High
3812,PLEASE HELP ME!!!!!!!! I CANT FIND MY FAVORITE HOODIE AND I THINK I LEFT IT IN THE ADMISSIONS OFFICE DURING THE TOUR PLS HELP!!!!!!!,Admissions,Low
7988,"To whom it may concern, I have lost my passport and I am due to travel for a university exchange program tomorrow morning. I need my official transcript for the visa office by 4 PM today.",Academic Office,High
2465,can u tell me where the convocation rehearsal is happening? i lost the email with the location details.,Administration,Medium
4743,Library booking system slow.,Library,Low
2950,i want to pay my tuition in installments. how do i sign up for a payment plan?,Finance Office,Low
405,I am calm but the university bank account information on the tuition portal is incorrect and my payment is due tonight.,Finance Office,High
3349,I'm having trouble with the online portal for my student loan repayment.,Finance Office,Medium
6558,"I submitted my tuition payment but it still shows as pending, pls help.",Finance Office,High
3415,I am a graduating senior and my name is missing from the official commencement program. Graduation is tomorrow at 10 AM.,Academic Office,High
1380,i have a question about the meal plan for next semester. where can i find the prices?,Finance Office,Low
1430,helppp!! i'm locked in the library after hours. the security guard didn't see me and the alarms are armed!!,Library,High
4430,The bursar's office has misplaced my scholarship check of $5000 and my tuition is now showing as unpaid on the final due date.,Finance Office,High
6753,The library's microfilm collection is being damaged by a steam leak from the heating system. We need help now.,Library,High
4588,how do i request a replacement for my student id card if it's just cracked but still works?,Administration,Low
1456,I'M SCREAMING BECAUSE MY ESSAY DISAPPEARED ON GOOGLE DOCS AND ITS DUE IN 5 MINUTES HELP ME HELP ME HELP ME!!!!,IT Support,Medium
6150,The soap dispenser in my dorm bathroom is empty.,Student Housing,Low
6185,I noticed that my transfer credits from my previous community college haven't appeared on my student portal yet.,Admissions,Medium
6759,exam portal error and deadline approaching tonight,Academic Office,High
76,idk how to check if a book is available in the library from my phone? thx.,Library,Low
443,low water pressure in dorm sink,Student Housing,Medium
8452,I'm having trouble with the online portal for my student cloud computing access.,IT Support,Medium
239,Are there any quiet study areas in the library that are open on Tuesday nights?,Library,Low
2368,"VPN connection not working, can't access resources.",IT Support,High
174,PLEASE!!!!!! I NEED TO KNOW IF I CAN USE THE UNIVERSITY'S GYM IF I AM ONLY TAKING ONE CLASS THIS TERM!!!!!!!,Administration,Low
2886,How do I get a copy of the university's academic honesty policy for a research project I'm doing?,Academic Office,Low
5059,The university's system for submitted doctoral dissertation abstracts is down and the deadline for graduation is in 3 hours.,Administration,High
4988,What is the average TOEFL score for admission to the Engineering program?,Admissions,Low
5873,PLEASE!!!!!! I NEED TO KNOW IF I CAN USE THE UNIVERSITY'S GYM IF I AM ONLY TAKING ONE CLASS THIS TERM!!!!!!! PLS ANSWER!!!!!,Administration,Low
5302,I'm having trouble with the online portal for my student database hosting request account.,IT Support,Medium
4544,"hi, i recived an email about a missing recommendation letter, but my teacher sent it through the portal weeks ago.",Admissions,Medium
6762,the fire alarm in my building is making a quiet chirping sound every minute. it's not an emergency but it's annoying.,Student Housing,Medium
5533,IT portal showing partial data for course enrollment,IT Support,Medium
5058,I noticed an error in my transcript. it says i failed a class that i actually got an A in.,Academic Office,High
7337,course registration page glitches occasionally,Academic Office,Medium
1183,The enrollment portal for the spring semester is showing an access denied error for all international students today.,Admissions,High
6835,HELP!! I LOST MY ENTIRE BIBLIOGRAPHY AND MY PAPER IS DUE AT NOON!!!!!!!,Library,Medium
979,I am an international student and I'm confused about the health insurance waiver process.,Administration,Medium
2362,I would like to request a new ID card because my current one is cracked and won't swipe.,Administration,Medium
3322,I noticed that the light in the laundry room is out. It is very dark and I'm worried about someone tripping over a laundry basket or bag.,Student Housing,Medium
793,I am calm but my name is misspelled on the graduation certificates being printed tonight. please fix this before the ceremony.,Administration,High
248,I would like to inquire about the possibility of adding a minor in Philosophy to my current degree plan.,Academic Office,Low
1249,ID card photo looks outdated,Administration,Medium
8238,I would like to inquire about the status of my application for the university's merit-based scholarship award.,Finance Office,Medium
1746,I'm having trouble with the heating in the student activity center. It's very cold.,Administration,Low
3373,What kind of glue does the administration office use for the official flyers on the pillars? It's very strong.,Administration,Low
7467,I would like to know if there are any student discounts available for the university bookstore.,Administration,Low
3449,I NEED TO KNOW IF THE LIBRARY HAS ANY STAPLERS RIGHT NOW OR I WILL FAIL MY ESSAY SUBMISSION!!!!!!!,Library,Low
3772,I would like to know the deadline for applying for a student research fellowship.,Academic Office,Low
7531,I am unable to download the required software for my Computer Science lab tomorrow.,IT Support,Medium
963,"Hi there, I was just curious if the library has any plan to stock the latest issues of National Geographic in the lobby next year?",Library,Low
3668,i need a replacement id card because mine was snapped in half. i can come by on thursday to pick it up.,Administration,Medium
2346,academic department course schedule inquiry,Academic Office,Medium
5936,I need a copy of the university's annual report for a class project I'm working on.,Administration,Low
3030,the portal is showing i have a 'disciplinary hold' for something i didn't do. i can't register for my final term classes.,Administration,High
2503,I would like to request a new mattress for my dorm room because this one is very uncomfortable.,Student Housing,Low
2089,portal crashed while submitting assignment due in 2 hrs,IT Support,High
943,The system says I have a 'Missing Document' for a transcript that was verified by admissions last week. I am being de-enrolled tonight.,Admissions,High
7876,Admissions docs deadline urgent.,Admissions,High
2483,My scholarship check was supposed to be sent to my home address but it hasn't arrived. I need to know where it is.,Finance Office,Medium
5320,A student in the library has a knife and is threatening people. We are hiding under the tables.,Library,High
5773,The portal for graduation applications is showing an internal server error for all seniors today. deadline is today.,Administration,High
748,I would like to request an extension for my final paper for my history class. I have been ill for the last week.,Academic Office,Medium
1328,hi id like to request a new student id because my photo looks really bad lol can i come in tomorrow?,IT Support,Low
6925,"tuition receipt not available yet, need for records",Finance Office,Medium
1308,can u tell me if the library has any books on 'the history of jazz' for my music class tomorrow?,Library,Low
6168,PLEASE HURRY THE PRINTER IS OUT OF PAPER AND MY CLASS STARTS IN 2 MINUTES I AM SO STRESSED HELP!!!!!!!!!,Library,Medium
2436,how do i change my mailing address for my diploma? i'm moving to a new apartment next month. no hurry.,Administration,Medium
8019,I am an international student and my visa documentation is missing a signature from the registrar. I have a visa interview today.,Admissions,High
4920,The university's main registration server has crashed. Class enrollment for seniors closes in 2 hours.,IT Support,High
1213,deadline today but accept button missing,Admissions,High
3063,I AM SO UPSET BECAUSE I DONT KNOW IF THE WIFI ROUTERS IN THE DORM ARE VERTICAL OR HORIZONTAL!!!!,IT Support,Low
7778,need access to library database before deadline tomorrow,Library,High
1206,I'm having trouble with the Wi-Fi in the student union. It's very slow and keeps disconnecting.,IT Support,Low
4356,the library catalog is listing a book as 'available' in the South Branch but the South Branch has been closed for renovation.,Library,Medium
5913,I'm having trouble with the online portal for my student ID card application.,Administration,Low
5577,"To the Registrar: I have received a notice that I am being dropped from all my courses due to a missing transcript. I have a digital copy from my previous university ready to send, and the deadline for the final appeal is tomorrow morning.",Admissions,High
5347,i'm looking for a map of the campus that shows all the underground tunnels. for fun.,Administration,Low
2390,I AM GOING TO LOSE MY SCHOLARSHIP!! MY TRANSCRIPT HAS A 'D' LISTED FOR BIO BUT I GOT A 'B+'!! HELP ME FIX THIS ERROR!!,Academic Office,Medium
3938,minor name typo in document,Administration,Medium
5253,student housing maintenance request partially acknowledged,Student Housing,Medium
5627,The light in my dorm room is burnt out.,Student Housing,Low
5456,"Hello, my MFA token is not working and I have an online exam starting in 10 minutes. I cannot log in.",IT Support,High
8058,Degree confirmation letter for visa.,Administration,Medium
691,internet speed drops during peak time,IT Support,Medium
1073,"The student health insurance waiver I submitted was rejected without explanation, and the $1,800 fee is due tonight. I have provided proof of private coverage.",Finance Office,High
6857,I would like to know the deadline for applying for a student research award.,Academic Office,Low
8913,The sink in my dorm room is leaking onto the floor.,Student Housing,Medium
1457,Admissions portal not accepting docs.,Admissions,High
5296,I would like to request a copy of the university's policy on network use and security.,IT Support,Low
4334,"I was told my scholarship was 'one-time' but it was 'renewable'. I cannot afford the $10,000 balance due tomorrow morning.",Finance Office,High
6061,Dorm heating not functioning.,Student Housing,Medium
5988,certificate request processing time?,Administration,Low
3904,I noticed an error in my final grade for English 102. My professor said it should be an 'A' but the portal says 'B'.,Academic Office,Medium
6589,I would like to request a copy of the university's policy on student organizations from the dean of students office.,Academic Office,Low
5092,heater works but not strong enough in room,Student Housing,Medium
5002,my roomate is playing music really loud and i have a slight headache. i need someone to come tell them to stop right now i am so stressed out!!,Student Housing,Low
3278,I need help with my application for a student grant for research in the interdisciplinary sciences.,Academic Office,Low
962,i want to know if there are any student jobs available in the admissions office for the next semester. thx.,Admissions,Low
5154,The tuition payment gateway is returning a 404 error on the final day of registration. I cannot pay my fees and I am at risk of being dropped.,Finance Office,High
6357,"The deadline for dropping a class without failure was yesterday, but the portal was down for maintenance. I need an manual drop today.",Academic Office,High
2229,fee payment stuck processing and due date is today,Finance Office,High
344,i'm having trouble with the university's wifi in the library. it's very spotty and keeps dropping.,IT Support,Medium
2802,I noticed that the light in the stairwell of building C is completely out and it's very dark at night.,Student Housing,Medium
2805,the elevator in the library is stuck between floors 2 and 3 and there are three students inside. please contact emergency services.,Library,High
5953,i'm havign trouble with the university's wifi in the library it's very spotty and keeps dropping.,IT Support,Medium
1732,Is there a public microwave in the Academic Office building that is available for student use after 5 PM?,Academic Office,Low
4493,i would like to request a new mattress as mine has a spring poking out. it is quite uncomfortable.,Student Housing,Medium
5722,my student email account has been suspended for no reason and i have my final project due tonight.,IT Support,High
6492,The student health insurance portal is not accepting my waiver and the $2000 fee is due tonight. I have private coverage.,Finance Office,High
4835,I would like to inquire about the possibility of changing my major to Chemistry. What are the prerequisites?,Academic Office,Medium
5227,I am calm but my financial aid disbursement was suddenly cancelled and I have an eviction notice for tomorrow morning because i couldn't pay rent.,Finance Office,High
6265,academic office grade dispute partially resolved,Academic Office,Medium
6896,OMGGGGG MY TRANSCRIPT WAS SENT TO THE WRONG ADDRESS AND NOW I WILL MISS THE INTERNSHIP DEADLINE HELP ME NOW!!!!!,Academic Office,Medium
4765,I would like to know the final deadline to register for classes for the fall semester.,Academic Office,Low
4361,Can students request a specific font for their name on their graduation certificate two years in advance?,Administration,Low
2875,payment plan options not showing correctly,Finance Office,Medium
487,HEEEELP!!! I THINK I ACCIDENTALLY EMAILED MY PROFESSOR A PICTURE OF MY CAT INSTEAD OF MY HOMEWORK!!!!,Academic Office,Low
5656,The enrollment portal for the spring semester is showing an access denied error for all international students today. Today is the final enrollment day.,Admissions,High
986,can i defer offer?,Admissions,Low
1652,I need to know the requirements for the study abroad program in Germany for next fall.,Academic Office,Low
2613,application shows pending though docs submitted,Admissions,Medium
234,the library's online database is down. i need to access a research paper for my project.,Library,Medium
5491,one quiz grade missing from results page,Academic Office,Medium
258,I would like to report that the university's vaccination portal is not accepting international records and today is the cutoff day.,Admissions,High
1365,I am having trouble connecting my laptop to the university's wifi. It works on my phone but not on my computer.,IT Support,Medium
319,Library computer jammed.,Library,Low
5838,How can I get a copy of the campus newspaper?,Administration,Low
8548,Could someone please explain why my financial aid was reduced this semester without any notice or explanation?,Finance Office,Medium
2101,I am writing to politely request that my late fee be waived as the university site was down during the payment window last night.,Finance Office,High
2164,I am writing to respectfully inform you that the heater in my dorm is emitting smoke. I have evacuated the room and am waiting for instructions.,Student Housing,High
1182,the automatic door for the disability entrance to the admissions building is jammed and there is a student in a wheelchair waiting outside in the rain.,Admissions,High
7193,What are the hours for the library during finals week?,Library,Low
200,The admissions portal is not letting me upload my final transcripts and the deadline is tonight at midnight or my offer is rescinded.,Admissions,High
8902,I AM FREAKING OUT!! THE CAMPUS SHUTTLE APP SAYS NO BUSES ARE RUNNING AND I HAVE A CLASS ACROSS CAMPUS IN 20 MINUTES!!,Administration,Medium
6638,when are exams scheduled?,Academic Office,Low
4386,i am writing to request a copy of my official transcript for my internship. the application is due at the end of the month.,Administration,Medium
6203,The university's online course management system is down and I need to submit my final project before the deadline in 10 minutes. Please fix it now!,IT Support,High
7974,I can't find where to download the VPN client for my Mac.,IT Support,Low
25,i just found a suspicious person in the library hallway. they don't look like a student and they're acting weird. please help!!!,Library,High
6256,The medicine cabinet mirror in my dorm is broken.,Student Housing,Low
5436,I noticed an error on my graduate admission offer. It says I have to take 4 extra classes I've already finished. Deadline to accept is tonight.,Admissions,High
7150,application portal logs out unexpectedly sometimes,Admissions,Medium
2704,I would like to inquire about the requirements for the study abroad program in Spain for next year. Could you send me the brochure?,Admissions,Medium
4264,"Excuse me, I seem to have lost my wallet which contains my passport and $500 cash. I believe I left it in the library about 10 minutes ago.",Administration,High
4668,"i need to change my meal plan from the Platinum to the Basic, but the website says the window is closed. is there an exception?",Student Housing,Medium
2189,Can I get a refund on my parking permit if I no longer have a car?,Administration,Low
3817,general info on admin office locations,Administration,Low
2899,I'm having trouble with the library's online portal for access to rare manuscripts and documents.,Library,Low
3874,i'm tryin to find the official university policy on academic integrity. is it in the handbook?,Administration,Medium
4042,The bursar's office is showing a hold on my account for a library fine from 2015 that i already paid. registration closes in two hours.,Finance Office,High
1511,tuition payment clarification needed,Finance Office,Medium
4457,tuition invoice incorrect and must pay within 24h,Finance Office,High
5498,can i pay my tuition in cash at the window tomorrow or does it have to be online?,Finance Office,Medium
3071,"Forgot MFA, can't log in.",IT Support,High
3368,"the graduation application says i am missing a lab credit, but i finished it last spring. i need this corrected before the deadline tonight.",Academic Office,High
6830,"I tried to pay my tuition using the portal but it charged me $50,000 instead of $5,000. My bank account is now massively overdrawn.",Finance Office,High
1660,HELP ME PLEASE I NEED TO KNOW MY STUDENT ID NUMBER TO LOG IN TO THE HOUSING PORTAL PLS PLS PLS!!!!!!,IT Support,Medium
5408,i need to change my meal plan because i realized i dont eat breakfast. i have no hurry but i want to save money.,Finance Office,Medium
3816,exam registration portal seems slow,Academic Office,Medium
2426,course pdf not opening,Academic Office,Medium
1905,how do i request a replacement for my student id card if it's just cracked but still works for the bus? no hurry.,Administration,Low
3323,My student ID isn't working at the gate to the parking lot. I have to be at work in 10 minutes and my car is trapped.,Administration,High
5401,payment declined blocking registration instantly,Finance Office,High
4332,admission confirmation missing and payment due today,Admissions,High
6404,i need a replacement id card bc mine was stolen with my purse. what is the cost for a new one?,Administration,Low
6520,fee payment stuck processing and due date today,Finance Office,High
3328,My student portal is showing another student's name and classes. I am worried about my data privacy.,IT Support,High
8939,"Forgot MFA, portal locked out.",IT Support,High
1966,"Admissions docs deadline near, portal issues.",Admissions,High
5508,The library's research portal is offline and my 50-page capstone paper is due in two hours. I need access to my saved citations immediately.,Library,High
6285,cannot upload assignment due to system error,Academic Office,High
512,guest policy for dorms?,Student Housing,Low
4394,how do i request an official transcript to be sent to another university for my transfer application? is there a fee?,Academic Office,Medium
6692,idk why system lagging kinda annoying,IT Support,Medium
324,I would like to request a new wastebasket for my dorm room because mine is broken and has a hole.,Student Housing,Low
1853,"Broken heater in dorm, very cold.",Student Housing,Medium
496,the carpet in my room is very stained and smells a bit funny. can it be cleaned?,Student Housing,Medium
7196,dorm room light flickers occasionally,Student Housing,Medium
2674,The library's automated book return machine is smoking and smells like fire. I have unplugged it.,Library,High
2349,lights flicker occasionally in dorm corridor,Student Housing,Medium
5769,The toilet seat in my dorm bathroom is loose.,Student Housing,Low
8653,"I was overcharged $2,500 on my tuition bill and my bank account is now overdrawn. I need an immediate reversal.",Finance Office,High
2650,PLEASE!!!!!! I NEED TO KNOW IF I CAN BRING A MINI FRIDGE TO MY DORM ROOM I NEED MY COLD DRINKS!!!!!!!!,Student Housing,Low
8654,Tuition overcharge refund stuck.,Finance Office,High
7689,"Credit card declined for tuition payment, urgent fix needed.",Finance Office,High
8319,Library book reservation system seems down.,Library,Medium
8758,I am an international student and I'm having trouble with the visa renewal process. I need my documents verified by tomorrow.,Admissions,High
17,Where can I find a map of the campus with all the building names clearly labeled?,Administration,Low
447,I would like to report that the microwave in the communal kitchen is making a strange noise. It still works but sounds odd.,Student Housing,Medium
5862,I would like to request an official letter confirming my student status for my bank.,Administration,Low
3235,i need to report that my password has been changed without my permission and i cannot access my final project.,IT Support,High
177,i'm tryin to find out how to apply for a student loan for the next semester. where do i start with that?,Finance Office,Medium
86,the library's copier is jammed again. can someone please fix it?,Library,Low
4110,the main water pipe in my dorm room just burst. water is everywhere and my electronics are getting soaked.,Student Housing,High
8087,Someone in my dorm is playing extremely loud music late at night. Can someone please tell them to stop?,Student Housing,Medium
6147,I would like to inquire about the possibility of living in the student apartments for the next academic year instead of the dorms.,Student Housing,Low
2017,Enrollment verification letter required.,Administration,Medium
961,I am getting an error code 403 when trying to access the student registration page.,IT Support,Medium
8773,Dorm room faucet leaking.,Student Housing,Medium
7121,I am trying to register for my Spring classes but there is a 'Advisor Hold' on my account even though I met with them on Monday.,Academic Office,Medium
882,URGENT PLEASE!!!!! I LOST MY FAVORITE WATER BOTTLE IN THE LIBRARY HAS ANYONE SEEN IT PLS LET ME KNOW!!!!!!!,Library,Low
4244,I found a charge for 'Health Center Fee' on my bill but I've never used the health center. Can this be removed?,Finance Office,Medium
2963,The vending machine in the library lobby just gave me a bag of chips that expired six months ago. Can I get a refund?,Administration,Low
2971,I noticed that the carpet in the hallway of building A is coming up at the edges.,Student Housing,Low
4118,I noticed that the printer in the basement of the library is out of paper. Can someone refill it?,Library,Low
6685,i am literalyl panicking bc i cant find the gym hours anywhere online i need to work out now or i will go crazy!!!! help me!!!!,Administration,Low
3789,I would like to request a change of room because my current roommate is very noisy and I'm having trouble studying.,Student Housing,Medium
1576,I would like to request a new chair for my dorm room because this one is broken and unstable.,Student Housing,Low
7204,Can I get a copy of my class schedule mailed to my home address?,Academic Office,Low
5660,My final project is stuck in the 3D printer and it's making a burning smell. Please come to the makerspace now!!,IT Support,High
1316,A student is being held against their will in the library study carrels. This is a hostage situation.,Library,High
579,Could you provide a list of recommended readings for the upcoming English 101 course for the fall?,Academic Office,Low
137,"i accidentally uploaded the wrong essay for my application. the deadline is still 4 days away, can u please unlock it so i can re-upload?",Admissions,Medium
3384,I noticed someone accessing my student account from a different country. They are deleting my stored assignments right now.,IT Support,High
1488,can u tell me if the library has any group study rooms available for the next hour?,Library,Low
1255,Can I change my major from Biology to Chemistry in the middle of the semester?,Admissions,Medium
5758,I noticed that the library website is down and I am unable to access the online databases for my research paper.,Library,Medium
171,course materials occasionally fail to download,Academic Office,Medium
2976,i cant find the book 'economic theory' on the shelves even though it says its in. can someone check the back?,Library,Medium
837,My roommate has been bringing over guests every single night despite our agreement. I need a mediator to help us resolve this.,Student Housing,Medium
6316,"the lab printer is on fire. seriously, there is smoke and flames coming from the toner tray.",IT Support,High
3996,The medicine cabinet in my dorm bathroom is broken.,Student Housing,Low
7743,i want to know if i can bring a microwave to my dorm room if it's under a certain wattage or if that's banned.,Student Housing,Medium
3026,I am calm but the university's graduation application has misplaced my honors thesis approval and the deadline for inclusion in the program is today.,Academic Office,High
6941,I would like to request a copy of the university's policy on information technology resources.,IT Support,Low
6322,OMG HELP ME NOW!!!! I NEED TO KNOW IF THE GYM HAS LOCKERS FOR RENT OR IF I BRING MY OWN PLS REPLY ASAP!!!!!!!!!,Administration,Low
6561,minor formatting issue in official certificate,Administration,Medium
2535,i need my official transcripts sent to the embassy by tomorrow or my visa will be denied.,Academic Office,High
740,dorm visitor hours inquiry,Student Housing,Low
750,room door stuck and cannot enter overnight,Student Housing,High
5385,guest policy dorm?,Student Housing,Low
4873,wifi dropped during quiz submission just now,IT Support,High
904,I am writing to inquire about the possibility of changing my major from Chemistry to Biology starting next semester. Could you provide the required documentation?,Academic Office,Medium
3276,Can I get a list of all the student organizations that are focused on student mental health and academic success?,Administration,Low
2013,is there a way to request a specific room in the dorm or is it first come first served for everybody this year?,Student Housing,Medium
5102,URGENT PLS!!!! I NEED TO KNOW IF THE LIBRARY IS OPEN UNTIL MIDNIGHT TONIGHT I HAVE SO MUCH STUDYING TO DO PLS HELP!!!!!!!,Library,Low
469,"hello, i think i left my umbrella in the library yesterday near the south entrance. its blue with white dots.",Library,Low
8307,THE HEATER IN MY DORM IS MAKING A CLICKING NOISE AND I CANT SLEEP!! I AM SO TIRED I MIGHT FAIL MY EXAMS!! FIX IT FIX IT FIX IT!!,Student Housing,Medium
2909,My meal plan card isn't working at the dining hall today. The cashier said it showed an 'invalid user' error.,Administration,Medium
1021,I am calm but my financial aid disbursement is late and i am about to be evicted from my apartment because i cannot pay rent today.,Finance Office,High
4295,Can I change my major from Psychology to Marketing after the first semester ends?,Academic Office,Low
2379,I would like to request a copy of the university's policy on student travel from the administration office.,Administration,Low
656,URGENT!!!!! I NEED TO KNOW IF THE LIBRARY HAS ANY PENS I FORGOT MINE AT HOME AND I HAVE A TEST IN 5 MINS HELP!!!!!!!,Library,Medium
2010,I am calm but i need to report that my password was changed without permission and i cannot access my project due at midnight.,IT Support,High
1353,i need to change my dorm assignment because my roommate snores and i have a slight headache. i need this fixed right now!!,Student Housing,Low
3316,i am currently in the hospital and will miss my final exam in 2 hours. i have the doctor's note and am writing this calmly.,Academic Office,High
6707,idk how to check the hours for the student health center. is it open on saturdays? i need to know for my checkup.,Admissions,Low
4759,"I received an email stating that my student health insurance fee was not paid, but I have a waiver. I need this corrected so I can access my grades.",Finance Office,Medium
985,"MFA code never arrives, can't login.",IT Support,High
1584,I need help with my application for a student grant for social justice projects.,Academic Office,Low
6604,I am having trouble with the citations in my paper. Does the library offer any workshops on APA format?,Library,Low
8052,I AM FREAKING OUT BECAUSE I DONT KNOW IF THE ACADEMIC OFFICE HAS A GUEST BOOK TO SIGN!!!!,Academic Office,Low
373,I would like to know the current interest rates for the university-specific emergency loans.,Finance Office,Low
5796,I need help with my application for a student scholarship for students in the physical and computer sciences.,Finance Office,Low
389,The scholarship funds have not been applied to my account balance and the payment is due at midnight tonight.,Finance Office,High
1896,OH MY GOD PLEASE TELL ME IF I AM ALLOWED TO BRING A MINI FIGURINE OF A GNOME TO MY DORM ROOM!!!!,Student Housing,Low
5745,I noticed that the air conditioning in my dorm room is making a very loud rattling noise and it's keeping me awake throughout the night.,Student Housing,Medium
3702,minor formatting issue in issued certificate,Administration,Medium
8579,URGENT!!! I am being locked out of the registration system and my priority window closes in 30 minutes. Please fix this!,IT Support,High
2833,I'm looking for information on how to join the chess club. Do you have a contact list for student organizations?,Administration,Low
7687,general guidance on admin submission timelines,Administration,Low
6596,the wifi password for the guest network isnt working. can u pls update it?,IT Support,Low
8823,I need to know the requirements for the study abroad program in Italy for next fall.,Academic Office,Low
7955,i'm having trouble with the university's printer. it keeps saying 'out of paper' even though i just put some in.,Library,Medium
2145,I'm interested in the double major program for next year. Could you send me the curriculum requirements when you have a moment?,Academic Office,Medium
5620,The submission portal for the CS department is returning a database error. Everyone in the class is unable to submit.,IT Support,High
415,The portal for international health records is rejecting my vaccine card. the deadline is tonight at midnight sharp.,Admissions,High
1307,i am an international student and my i-20 was lost in the mail. my flight is tomorrow morning. i need a digital copy signed immediately.,Admissions,High
386,grade missing for one quiz,Academic Office,Medium
1798,I need to know the deadline for applying for a student job at the campus library.,Library,Low
2868,i am unable to see my final exam schedule and my first exam is today. the student center is showing a database error.,Academic Office,High
6873,I need to know the deadline for submitting my application for the graduate school program. Is it tomorrow?,Admissions,Low
5531,academic office optional club registration info,Academic Office,Low
3044,URGENT!!!!!! I NEED A CALCULATOR FOR MY EXAM IN 10 MINUTES DOES THE LIBRARY LEND THEM????,Library,Medium
6853,"hi, r we allowed to bring our own ergonomic keyboards to the IT computer labs next semester?",IT Support,Low
5856,My portal password keeps expiring every week for some reason. This is very inconvenient for me.,IT Support,Medium
6085,My student ID card was stolen and I'm worried someone will use it to access the library.,Administration,Medium
8573,Can I extend the due date for my borrowed library books?,Library,Low
4928,urgent certificate required today for embassy appointment,Administration,High
1398,I would like to request a new wastebasket for my dorm room because mine is broken and smells bad.,Student Housing,Low
226,I would like to report that my name is misspelled on my I-20 and the embassy rejected it. My flight is on Friday.,Admissions,High
8921,can u tell me if the library has any books on the history of jazz for my music class tomorrow morning? i need it for the exam.,Library,Medium
666,i need my login reset for the admissions portal i have to upload my final documents by midnight or my offer expires.,Admissions,High
8837,dorm WiFi unstable intermittently,Student Housing,Medium
2637,Library printer not working.,Library,Low
5384,The towel hook in my dorm bathroom is missing.,Student Housing,Low
7934,name spelling wrong on student ID card,Administration,Medium
331,The sink in the communal kitchen is clogged and it's starting to overflow.,Student Housing,Medium
1283,OMGGGGG the vending machine in the dorm took my three dollars and didnt give me my chips i am so hungry help!!!!,Student Housing,Low
8287,My dorm room is currently flooding. A pipe burst under my bed and there is an inch of water on the floor already.,Student Housing,High
3374,academic office info about club activities,Academic Office,Low
2029,I'm having trouble with the online payment system. It keeps giving me an error message when I try to pay my tuition.,Finance Office,Medium
198,how do i request a replacement student id card if mine is just cracked? it still works but looks bad.,Administration,Low
7082,i just found out my application was withdrawn because of a missing fee that I definitely paid. PLEASE CHECK THIS!!,Admissions,Medium
2743,I'm having trouble with the online portal for my student virtual machine request account.,IT Support,Medium
4877,The admission portal is showing a message that my offer has been given to another student. I haven't missed any deadlines.,Admissions,High
3869,are there any late fees for tuition?,Finance Office,Low
8218,"The bursar's office says I still owe money, but my bank statement shows the payment went through last week.",Finance Office,Medium
7965,I am a prospective student and I'm confused about the application process for international students.,Admissions,Low
1646,acceptance letter missing but deposit deadline is today,Admissions,High
687,idk how to find the course syllabus for my history class on the new portal. help?,Academic Office,Low
346,The lock on my dorm room window is broken and anyone could climb in from the fire escape. I need this fixed tonight for my safety.,Student Housing,High
6175,I would like to request a copy of the university's policy on intellectual property.,Academic Office,Low
1391,I am unable to see my financial aid package in the portal and I need to make a decision about which university to attend by tomorrow.,Admissions,High
1820,PLEASE!!!!!! I NEED TO KNOW IF THE CAFE IS SERVING TACOS TODAY OR I WILL DIE OF HUNGER!!!!!!,Student Housing,Low
5865,"I received an email stating that my scholarship has been revoked because I failed a class, but I actually got an A. I need this corrected before my tuition is due tomorrow.",Finance Office,High
502,How do I get a copy of the university's code of conduct for a research paper?,Administration,Low
7543,I tried to use the online booking system for the tennis courts but it's showing no availability for the next month. Is this a bug?,Administration,Low
1269,I noticed that the air conditioning in my dorm room is making a very loud rattling noise and it's keeping me awake.,Student Housing,Medium
4900,I am writing to report a discrepancy in my financial aid award letter. I was promised a grant that is not appearing on the bill due tomorrow.,Finance Office,High
4642,I am an international student and my health insurance is showing as active but i was charged for a second policy.,Finance Office,Medium
5420,Can someone please clarify why my transfer credits from my community college are showing as 'General Electives' instead of major requirements?,Academic Office,Medium
3172,library info on reading programs for students,Library,Low
2738,I would like to request a formal copy of my academic record for a graduate school application due in two days.,Academic Office,High
2461,tuition invoice wrong and payment required within 24 hours,Finance Office,High
3125,The air conditioning in the computer lab is too cold. Can it be adjusted?,IT Support,Low
8435,I'm interested in applying for a student job at the mailroom. Who should I contact?,Administration,Low
2408,wifi disconnected during final submission just now,IT Support,High
2412,i'm trying to register for a class but it's already full. can i get on the waitlist?,Academic Office,Medium
3885,application status confusing pls help,Admissions,Medium
722,urgent admin document needed today for legal filing,Administration,High
1734,I am a doctoral student and my defense date is being canceled because of a clerical error in my registration. My committee is flying in tomorrow.,Academic Office,High
3151,I would like to request a copy of the official university mission statement for a class research project I'm currently working on.,Administration,Low
3325,Exam registration error again.,Academic Office,Medium
294,application status confusing after submission update,Admissions,Medium
3762,dorm maintenance contact info request,Student Housing,Low
4438,i missed the registration deadline for my last core class due to a medical emergency. i wont be able to graduate without this.,Academic Office,High
6861,my login for canvas is broken and my final exam window closes in exactly 45 minutes.,IT Support,High
4445,URGENT!!!!! I NEED TO KNOW IF THE ADMISSIONS OFFICE IS OPEN ON SATURDAY I NEED TO DROP OFF A PAPER PLS HELP ME!!!!!!!,Admissions,Low
7126,There is a gas smell coming from the stove in the student housing kitchen. Please send someone now.,Student Housing,High
976,"Login not working, MFA missing.",IT Support,High
1913,i'm having trouble with the wifi in my dorm room. it keeps disconnecting every 5 minutes.,IT Support,Medium
6739,Need official letter confirming degree completion.,Administration,Medium
1050,I'm having trouble with the library's online reservation system. It won't let me reserve a study room for more than two hours.,Library,Low
5990,my roommate is smoking in the room and i have severe asthma. i am currently having trouble breathing and need a room change immediately.,Student Housing,High
4461,My account has been charged twice for the same lab fee and I need the money for groceries this week.,Finance Office,Medium
4468,MY ROOMMATE IS SO LOUD I LITERALLY CANT SLEEP PLEASE MOVE ME TO A NEW ROOM RIGHT NOW I AM DYING!!!!!!,Student Housing,Medium
7801,The desk in my dorm room is scratched.,Student Housing,Low
4345,administration office certificate issuance pending verification,Administration,Medium
1499,I AM LITERALLY SCREAMING BECAUSE THE LIBRARY IS SO COLD I CANT EVEN TYPE PLS TURN THE HEAT UP NOW!!!!!!,Library,Low
2992,i'm havign trouble with the university vpn it keeps sayign my credentials are invalid even though i just changed them yesterday.,IT Support,Medium
2550,library printer availability question,Library,Medium
7623,The server that hosts the online final exam is down and the exam is scheduled to start in 10 minutes. Please fix it immediately!,IT Support,High
762,I am an international student and I'm having trouble with the OPT application process. I need my documents endorsed by tomorrow.,Admissions,High
2708,tuition receipt still not showing in account,Finance Office,Medium
5353,i'm having trouble with the vpn connection from my off-campus apartment. i need to access the lab software.,IT Support,Medium
8915,Enrollment verification letter needed urgently.,Administration,Medium
6173,I'm having trouble with the library's online portal for access to digital audio and video collections.,Library,Low
1545,I would like to request a copy of the university's policy on student academic advising from the academic office.,Academic Office,Low
5973,i want to apply for a parking permit for next semester. when does the application open?,Student Housing,Low
1623,PLEASE RESPOND ASAP I NEED TO KNOW IF THE CAFE HAS ANY VEGAN OPTIONS I AM SO HUNGRY HELP HELP HELP!!!!!!!,Student Housing,Medium
7079,my scholarship disbursement is missing from my account and my tuition payment is due by 5pm today or i will be dropped. i am very calm but need this fixed immediately.,Finance Office,High
7350,I am having trouble finding a research paper in the library's online database.,Library,Low
202,"The admission portal says my transcript was not received, but the carrier confirmed delivery. The deadline is tonight at midnight.",Admissions,High
4103,my roomate is playing loud music and i have an exam tomorrow morning at 8am. please help me.,Student Housing,Medium
4431,missing admission confirmation before deposit deadline,Admissions,High
7494,i want to know the deadline for applying for a scholarship for the fall semester.,Finance Office,Low
2781,I would like to change my meal plan from Platinum to Gold.,Student Housing,Medium
2543,I would like to know the deadline to apply for the university-wide scholarship program for the next academic year.,Finance Office,Low
1726,how to reset password for portal?,IT Support,Low
5328,The registrar's office is showing me as 'Withdrawn' even though I am sitting in class right now. I have a midterm tomorrow that I can't access.,Academic Office,High
6167,I would like to request a copy of the university's policy on gifts and entertainment.,Administration,Low
8223,the enrollment system has failed and my registration for the final mandatory class I need is not being processed.,Academic Office,High
280,The lock on my door is stuck and I can't leave my room. I have an important group project meeting in 10 mins.,Student Housing,High
6270,I would like to request a change of roommate for next semester.,Student Housing,Low
8801,portal keeps logging me out after few minutes,IT Support,Medium
1139,The laundry machines in North Hall are all full. Is there any other place I can do my laundry?,Student Housing,Low
2129,payment processed but page didnt refresh,Finance Office,Medium
3923,i want to know the university's policy on pets in the dorm. can i have a small turtle in a tank? i miss my pet.,Student Housing,Low
8430,application portal loading slowly,Admissions,Medium
34,"I noticed that the university's emergency notification system is not sending alerts to my floor, and we have a local building fire.",Administration,High
5163,IT system showing partially updated MFA info,IT Support,Medium
326,The wastebasket in my dorm room is too small.,Student Housing,Low
2933,how do i request a copy of my unofficial transcript from the student portal? i just want to see my gpa for a job application.,Academic Office,Low
4899,The student portal keeps crashing when I try to pay my tuition. the deadline is in two hours and i don't want to lose my spots in the classes.,IT Support,High
5465,OMG I AM LITERALLY PANICKING!!!! DO I NEED TO BRING MY OWN TOILET PAPER TO THE DORM OR IS IT PROVIDED?!?!?! PLS ANSWER NOW!!!!!,Student Housing,Low
4069,urgent ID issue preventing exam access today,Administration,High
1379,Enrollment verification letter needed.,Administration,Low
1990,tuition invoice slightly confusing need clarification,Finance Office,Medium
96,What are the requirements for the merit-based scholarship for sophomore students?,Finance Office,Low
727,PLEASE RESPOND ASAP I NEED TO KNOW IF THE CAFE HAS ANY GLUTEN FREE OPTIONS I AM SO HUNGRY!!!!!!!,Student Housing,Medium
5659,dorm room key replacement request,Student Housing,Medium
390,The heating in my room in building B has stopped working and it is currently 15 degrees outside. I cannot sleep in these conditions.,Student Housing,Medium
4524,I'm having trouble with the online portal for my student billing and payment account.,Finance Office,Medium
377,Library app freezing.,Library,Low
5590,The software MatLab is failing to launch on the lab computers. It says 'License Error'. We have a project due in 3 days.,IT Support,Medium
194,i'm looking for a tutor for my biology class. can someone help me find one?,Academic Office,Low
274,is there any way to get a discount on the laundry services in the housing complex?,Student Housing,Low
5437,"the wifi in the student lounge is a bit slow today, can someone look at it? thx",IT Support,Low
6496,MY ROOMMATE STOLE MY CEREAL AGAIN I AM GOING TO EXPLOAD IF SOMEONE DOESNT MOVE ME TO A SINGLE ROOM RIGHT NOW!!!!!!,Student Housing,Low
1985,The vanity shelf in my dorm bathroom is cracked.,Student Housing,Low
7181,I'm having trouble with the online portal for my student health insurance.,Administration,Medium
5943,I am unable to see my final exam schedule on the student portal. When will it be available?,Academic Office,Low
2785,My roommate is having a severe allergic reaction and their throat is closing. We need the on-call medic now.,Student Housing,High
7915,room light flickering,Student Housing,Low
8043,i just lost my id card and i have a proctored exam in 30 minutes. they won't let me in the building without it.,Administration,High
4903,can u tell me if the library has any copies of the book 'the odyssey' for my class tomorrow?,Library,Low
4385,i want to know the hours of the university's bookstore. are they the same as the library?,Library,Low
4175,academic office syllabus clarification,Academic Office,Medium
5217,"hey, my application portal says I'm missing an English Proficiency test score but I grew up in London. can u waive this?",Admissions,Medium
6961,i want to know the policy for guest parking in the dormitory lot for the weekend? is there a fee?,Student Housing,Low
7229,admission interview reschedule inquiry,Admissions,Medium
4009,I am unable to register for my mandatory senior seminar because the system says I am a freshman. Enrollment ends in 3 hours.,Academic Office,High
8312,I am seeing a 'System Failure' message on the financial aid upload page. I need to submit my documents by midnight.,IT Support,High
6210,the health insurance premium was deducted twice and now i can't afford the train ticket home for my emergency family situation.,Administration,High
473,I am unable to login to the library's remote access portal and I have a research paper due tomorrow morning.,IT Support,High
7874,The library's printer keeps printing double-sided even when I select single-sided.,Library,Low
3113,hey can u help me find the contact info for the registrar? i have a question about my grades.,Academic Office,Medium
6845,the university's registrar has me listed as 'deceased' by mistake and now all my accounts and insurance are cancelled. i need help!!,Administration,High
4956,I haven't received my refund check yet and I need it to buy my textbooks for the semester starting tomorrow.,Finance Office,High
1297,wifi speed slow during evening hours,IT Support,Medium
2085,I am writing to request a copy of the official course catalog from 2021 for my personal records. thx.,Academic Office,Low
1899,"I am writing to inform you that the final grade for my senior project is missing from the portal, and the graduation clearance deadline is in exactly four hours. I am quite calm but this needs immediate attention.",Academic Office,High
5726,my application status says 'incomplete' but i sent my transcripts weeks ago. my deadline is tomorrow morning.,Admissions,High
5642,Can I get a refund on my meal plan if I have to move off-campus due to a family emergency?,Finance Office,Medium
4797,I need help with my application for a student scholarship for students in the arts and life sciences.,Finance Office,Low
1665,my student housing account has been charged for a room i never occupied and the payment is due tomorrow.,Finance Office,High
2565,the wifi in the math building is down and i have an online quiz that starts in 15 minutes. i am sitting in the lobby.,IT Support,High
3833,The mirror light in my dorm bathroom is out.,Student Housing,Low
1202,fee adjustment not yet reflected in account,Finance Office,Medium
6523,window latch in dorm needs minor adjustment,Student Housing,Medium
313,I found a pair of expensive noise-canceling headphones in the library. I've left them with the librarian.,Library,Low
3894,The sink in room 402 is draining really slowly. It hasn't fully clogged yet but it's getting worse.,Student Housing,Medium
6136,Can I get a copy of the university's student handbook from the admissions office?,Admissions,Low
4399,"Can't submit assignment, portal crashed.",IT Support,High
726,"A $10,000 loan was applied to my account without my consent. I need this reversed before the interest starts accruing tomorrow.",Finance Office,High
6133,library overdue fees query,Library,Low
6500,need enrollment letter soon,Administration,Medium
7681,URGENT URGENT URGENT: DOES THE LIBRARY STILL HAVE THE GREEN STAPLER ON THE THIRD FLOOR?? I PREFER THE GREEN ONE!!,Library,Low
4915,The wall in my dorm room has a hole in it.,Student Housing,Low
6388,PLEASE HURRY THE PRINTER IS MAKING A WEIRD GRINDING NOISE AND I NEED MY HANDOUTS FOR MY PRESENTATION IN 10 MINUTES!!!!!,Library,Medium
7226,library account not showing checked out books,Library,Medium
1799,i want to know the requirements for a degree in psychology. can u send me the brochure?,Academic Office,Medium
1898,my student id won't let me out of the library's automated exit. i am trapped between the glass doors.,Library,High
7122,i am an international applicant and i haven't received my visa documents. my appointment at the consulate is tomorrow.,Admissions,High
7469,"I am writing to inform you that my scholarship disbursement is missing, and the final tuition deadline is in 4 hours. Failure to pay will result in deregistration.",Finance Office,High
4993,I am having trouble signing up for the intramural soccer team.,Administration,Low
445,The student portal is down and I need to pay my enrollment deposit by midnight tonight to secure my spot in the freshman class.,IT Support,High
5846,my financial aid package was canceled because i didn't sign a form that i never received. today is the final payment day.,Finance Office,High
2746,i need to drop a minor but the system says I have to meet with the dean first. is there any way around this?,Academic Office,Medium
51,i think i dropped my student id in the library cafe but i dont rly need it until next week so no rush if u find it.,Administration,Low
7,my student account has been disabled. please help me reactivate it.,IT Support,Medium
3351,I noticed that the temperature in the student cafeteria is very high today. Is the air conditioning system working today?,Administration,Low
1478,"hi, i need an enrollment verification letter for my visa application. the current one online has the wrong semester listed.",Administration,Medium
7618,I need help with my application for a student research grant.,Academic Office,Low
3761,I noticed that the sink in the communal bathroom is clogged and water is not draining.,Student Housing,Medium
1790,login session expires too quickly,IT Support,Medium
349,I'm having trouble with the online course registration system. It's giving me an error message every time I try to add a class.,IT Support,Medium
4576,Does the admissions office accept Duolingo English Test scores?,Admissions,Low
8259,I am an international student and my visa sponsorship needs proof of full-time enrollment by noon today. I can't download the letter.,Administration,High
2110,I was overcharged for my meal plan this month. It shows two payments of $450 instead of one.,Finance Office,Medium
5322,i want to know if there are any student jobs available in the student housing office for the next semester. thx.,Admissions,Low
1281,Is the library open on weekends?,Library,Low
3391,I would like to request a new chair for my dorm room. My current one is broken.,Student Housing,Low
2747,dorm minor maintenance request,Student Housing,Medium
156,I am an international student and my sponsor needs a final invoice by noon today or they will not release my tuition funds.,Finance Office,High
2162,is there any way to change my major from biology to psychology? i've decided that i don't like science labs anymore. no hurry.,Academic Office,Medium
7624,"dorm heater not working, pls advise",Student Housing,Medium
2192,"Admissions documents partially uploaded, system glitches preventing completion.",Admissions,Medium
6821,I'm having trouble with the 'Submit' button on the course evaluation form.,IT Support,Low
1904,I CANT FIND MY DORM ROOM AND IT IS COLD OUTSIDE AND I AM TIRED HELP ME NOW!!!!!!!,Student Housing,Low
5903,The fire alarm in my dorm room keeps going off for no reason. Please fix it.,Student Housing,Medium
7635,I am having trouble accessing the online library databases from off-campus.,Library,Medium
3107,how do i connect my nintendo switch to the student wifi? it says the security protocol is unsupported.,IT Support,Medium
2587,The MFA prompt for the university portal isn't sending to my phone today. I've tried multiple times.,IT Support,Medium
5028,I would like to request a copy of the university's policy on freedom of expression.,Administration,Low
279,i accidentally deleted my dissertation draft from the cloud and the auto-save is off. the submission portal closes in 2 hours. pls help me recover it.,IT Support,High
5933,I need help with my application for a student study abroad program in China.,Academic Office,Low
4239,I am an international student and my visa sponsor needs a letter of good standing today or my scholarship will be permanently revoked.,Administration,High
236,the library database for jstor is showing a 'license expired' error. i need this for my research project due in 4 hours.,Library,High
4230,I would like to request an official letter confirming my enrollment for my car insurance company.,Administration,Low
7214,course registration page sometimes fails to load,Academic Office,Medium
211,the university's graduation application has misplaced my honors thesis approval and the deadline is today.,Academic Office,High
23,The projector in the lecture hall is broken and the professor can't show his slides. Can someone fix it?,IT Support,Medium
6289,I would like to inquire about the requirements for the study abroad program in Madrid for the next academic semester.,Academic Office,Low
4218,The disciplinary committee notice I received has the wrong date for the hearing. I need the corrected timeline before the weekend.,Administration,Medium
3426,A pipe has burst in the rare books collection. Water is currently pouring onto the university's 16th-century archives.,Library,High
2997,I would like to know the deadline to apply for the university's need-based scholarship programs for the next academic year.,Finance Office,Low
3888,Could someone please tell me the location of the lost and found office?,Administration,Low
2205,can u tell me if the library has any books on 'the odyssey' for my class tomorrow morning?,Library,Medium
6993,the vpn is down and i need to access the lab database for my chemistry project which is due tomorrow morning.,IT Support,Medium
4056,admission portal clarification needed,Admissions,Medium
4396,"The university's main database for the history department is down, and my thesis is due at midnight. I have been trying to connect for three hours.",Library,High
3274,I am writing to inform you that the sprinkler system in the computer lab has malfunctioned and is currently spraying the server racks with water.,IT Support,High
4671,the whole library just lost power and people are stuck in the elevators. we need emergency lighting now.,Library,High
1209,i'm tryin to figure out how to get a student discount for the local bus pass. do i need a form?,Finance Office,Low
451,URGENT!!!!! I NEED TO CHANGE MY PASSWORD RIGHT NOW BECAUSE I THINK SOMEONE SAW ME TYPE IT IN THE LIBRARY!!!!!,IT Support,Low
2870,how do i request a transcript for my own personal records? i just want to see my grades.,Academic Office,Low
7980,I'm having trouble with the online portal for my student career services appointment account.,Administration,Low
8140,I would like to request a copy of the university's policy on remote access and security.,IT Support,Low
5723,I'm having trouble with the sink in the communal bathroom. It won't stop running.,Student Housing,Medium
5096,The system for submitting internship credit is down and the deadline for the summer term is in 4 hours.,Academic Office,High
3410,i just found a weird bug in the course registration portal. it lets me add classes that i don't have the prerequisites for. should i report this??,IT Support,Medium
2198,The ceiling in my dorm bathroom is discolored.,Student Housing,Low
1015,i'm having trouble downloading the lockdown browser for my quiz tonight. can someone help?,IT Support,Medium
7829,The smoke detector in my dorm room is missing.,Student Housing,High
8712,dorm facilities usage guidelines,Student Housing,Low
4213,Exam registration page shows unknown error.,Academic Office,High
2982,I noticed that the light in the dorm hallway is flickering and it's giving me a headache.,Student Housing,Low
7460,i need help with my application to the medical school. i'm not sure which documents are required.,Admissions,Medium
3675,I am unable to access the graduation ceremony parking passes and I have a disabled family member arriving in 1 hour.,Administration,High
1839,Can I get a copy of the university's student code of conduct?,Administration,Low
3035,The registrar's office lost my graduation application. Today is the absolute final deadline to be included in the ceremony.,Administration,High
2675,I lost my room key and I'm afraid I'll be charged a large fee. How much is it?,Student Housing,Low
3776,i have a question about the university's housing policy. can i have a guest stay overnight?,Student Housing,Low
6371,Someone stole my laptop from my dorm room and I have my final capstone project due tomorrow at 8 AM. I need security footage.,Student Housing,High
520,"The university's system for submitting health insurance waivers is offline and the $1,500 fee will be charged to my account at midnight today.",Finance Office,High
5224,The sink in my dorm room is clogged.,Student Housing,Medium
2474,academic office course registration portal partially functional,Academic Office,Medium
2887,Can I get a copy of the university's non-discrimination policy for my research paper?,Administration,Low
1930,my roommate is playing music at 3am and i have a slight headache. can someone come tell them to stop right now i am so stressed out!!,Student Housing,Low
5487,I paid for a parking permit online but I haven't received the physical sticker yet. Can I still park on campus?,Administration,Medium
7932,i need a replacement id card immediately becouse i lost mine and i cant get into the testing center for my certification exam in an hour.,Administration,High
467,my thesis is on the library's network drive and i can't access it. it's due in 90 minutes. help!!,Library,High
4656,library book renewal process question,Library,Low
317,The sink in the communal bathroom is clogged and overflowing.,Student Housing,Medium
4054,i am calm but i need to report that my financial aid award has been cancelled three hours before the tuition deadline.,Finance Office,High
5718,I need help with my application for a student scholarship for students in the arts and social sciences.,Finance Office,Low
350,uploaded docs show pending review for long,Admissions,Medium
675,I would like to request a new chair for my dorm room. My current one is broken and quite unstable.,Student Housing,Low
4690,"Library booking system slow, can't reserve books.",Library,Medium
1950,I am an international applicant and I haven't received any word from the office of admissions on whether my application is complete.,Admissions,Medium
4121,the wifi in the laundry room is super slow today. i can't watch my netflix while i wait for my clothes. can someone look at the router next week?,IT Support,Low
956,course slots not reflected properly after update,Academic Office,Medium
5072,certificate needed today for visa submission,Administration,High
1755,MFA not working and assignment due within hours,IT Support,High
4036,I am a prospective student and I would like to know if you offer any graduate scholarships for international students.,Admissions,Low
3271,could you tell me if the library has any group study rooms available for next month? i want to be organized.,Library,Low
1521,"Dorm heater broken, very cold.",Student Housing,Medium
1851,How can I get a copy of the campus bus schedule for the weekends?,Administration,Low
4179,I found a bug in the library book search engine; it won't allow me to filter by year.,Library,Low
1812,My transcript indicates a 'Fail' for a capstone course I never registered for. I am very calm but this must be corrected before graduation clearance today.,Academic Office,High
8444,OMG URGENT I NEED TO KNOW THE MENU FOR THE CAFE TODAY I AM LITERALLY STARVING PLS HELP ME!!!!!!!,Student Housing,Low
5402,I would like to request a copy of the university's mission statement.,Administration,Low
7795,I am stuck in the elevator in the North Dorm. The emergency button isn't making any sound. Please help.,Student Housing,High
339,I am calm but i need to report that my password was changed without permission and i cannot access my final project due tonight.,IT Support,High
6683,I'm having trouble with the library's online search for journals.,Library,Low
3356,i'm having a hard time finding a specific book on the shelf. it says it's in but i don't see it.,Library,Medium
7319,i have a question about my financial aid package. i haven't received my award letter yet.,Finance Office,Medium
2919,idk how to check the balance on my student id card for laundry. is there a website for that or an app?,Administration,Low
1720,i am calm but i need to report that my name is misspelled on the graduation certificates being printed tonight. please fix.,Administration,High
997,my laptop with my final project was stolen from the computer lab. i need to see if there is any cloud backup on the server.,IT Support,High
3167,The dormitory's main electrical breaker is sparking and smells like burning plastic. We need an electrician immediately before a fire starts.,Student Housing,High
1201,i'm trying to register for classes but the system says i haven't met the prerequisites for a class i've already taken.,Academic Office,Medium
1193,The university's system for submitting graduate school applications is down and the deadline is in four hours. i am calm.,Admissions,High
6493,I found an error on my Form 1098-T for my taxes. The amount in Box 1 is different from what I actually paid.,Finance Office,Medium
940,My student ID card is cracked and won't swipe at the laundry machines. How much does it cost to get a new one?,Administration,Low
3842,My transcript is missing two whole semesters of grades. I need these added today for my medical school application due tonight.,Academic Office,High
2584,The student portal is down and I need to register for classes that open in 5 minutes.,IT Support,High
8546,how to get a copy of student handbook,Administration,Low
2736,The light in the hallway outside my room is out and it's very dark at night.,Student Housing,Low
6055,"I have an emergency grade dispute. The professor changed my B+ to a C- after I questioned a rubric, and I now fall below the 3.0 GPA required for my scholarship.",Academic Office,High
1051,"i am trying to submit my final application for the medical school bridge program, but the 'submit' button is greyed out. the deadline is in one hour.",Admissions,High
3341,what documents needed for admission?,Admissions,Low
772,I am an international student and my health insurance is showing as active but i was charged for a second policy on my student university bill.,Finance Office,Medium
3164,The bursar's office charged me twice for the meal plan. I would appreciate it if you could investigate this when you have a moment this week.,Finance Office,Medium
3634,I would like to request a copy of the university's policy on hazardous waste management.,Academic Office,Low
3283,ID card not working and exam in few hours,Administration,High
8305,I noticed that the temperature in the student cafeteria is very high today. Is the air conditioning system even working on this floor?,Administration,Low
479,The campus email system is not receiving external emails. I am waiting on a time-sensitive internship offer due by 5 PM.,IT Support,High
2885,i am calm but i need to report that my housing application was deleted from the system and the room selection starts in 1 hour.,Student Housing,High
1846,"I am being prevented from taking my final because my tuition shows as unpaid, but I have a receipt showing a zero balance.",Finance Office,High
5323,vpn connection unstable at times,IT Support,Medium
3311,"Hi there, I am wondering if the university offers any assistance for first-generation college students?",Admissions,Low
945,fee payment declined and enrollment is blocked,Finance Office,High
2188,i accidentally uploaded my passport to the public student forum instead of the admissions portal. please delete it immediately!!,IT Support,High
1080,tuition payment not reflecting and deadline is tomorrow,Finance Office,High
6197,can I update application details later?,Admissions,Low
8168,I found a wallet in the cafeteria with no ID. I've left it at the main reception desk.,Administration,Low
649,my password for the registration portal isn't working and registration for seniors closes in 20 minutes.,IT Support,High
7699,"There's a strange smell coming from the hallway vent near room 210. It's not smoke, but it's very unpleasant.",Student Housing,Medium
5542,The chair in my dorm room is uncomfortable.,Student Housing,Low
305,I have been trying to reach the admissions office for a week regarding my transcript evaluation and I'm worried it won't be ready for registration tomorrow.,Admissions,High
1089,academic syllabus update clarification,Academic Office,Medium
3344,The smoke alarm in the dorm hallway is going off and I smell smoke. Please send someone immediately!,Student Housing,High
8437,OMGGGGG i forgot to check my library due dates i am so stressed is the library open until midnight tonight????,Library,Low
398,I am unable to access my online course in Canvas. It says the course is locked even though it started yesterday.,IT Support,Medium
3561,WHATS THE LATE FEE FOR A BOOK??? I NEED TO KNOW RIGHT NOW PLS PLS PLS,Library,Low
5644,exam seating arrangement not visible yet,Academic Office,Medium
2233,hey can u help me find the contact info for the biology department head? i have a question about my grades.,Academic Office,Medium
771,i need a replacement student ID card because the magnetic strip on my current one has stopped working.,Administration,Medium
8907,The registrar's office has misplaced my paper for the internship credit and the deadline for the registrar to approve it is at noon today.,Academic Office,High
5,my student email account has been suspended for 'suspicious activity' but i have a take-home exam in my inbox that i must submit in 3 hours.,IT Support,High
8924,I noticed that the printer in the study lounge is out of toner. Can someone please come and replace the ink cartridge today?,IT Support,Low
6188,the key for my mail locker is bent and i can barely get it in. can i get a replacement key soon?,Administration,Medium
3536,i'm havign trouble with the library's citation manager it won't let me export my bibliography in mla format for my paper due tonight.,Library,Medium
2794,i would like to report a broken chair in the library. it is not urgent but someone might fall.,Library,Medium
113,my student id card is not working at any of the university gates and i am currently stuck outside the campus at midnight.,IT Support,High
4358,"i am a scholarship student and my status is listed as 'withdrawn' by mistake. if this is not fixed by noon, i will be ineligible for my sports season.",Academic Office,High
4841,"To whom it may concern, I have an urgent error on my bill. A $5,000 charge was added today, and I have a registration window at 8 AM tomorrow.",Finance Office,High
2444,"The student account portal says I owe $0, but I have a financial hold. I need this cleared to add my final credits tonight.",Finance Office,High
5382,"Does the university provide any discounted software for graphic design students, specifically Adobe Creative Cloud?",IT Support,Low
6190,i forgot my password for the tuition portal and my payment is due in 3 hours. i am calm but i need a reset right away.,Finance Office,High
2239,system crash occurred mid upload before deadline,IT Support,High
3481,how do i change the emergency contact listed on my student file? i want to update it to my mother. no rush.,Administration,Low
328,I need help with my application for a student grant for research in the computer and natural sciences.,Academic Office,Low
5735,is there any way to get a copy of my unofficial transcript for my internship application next month? thx.,Academic Office,Medium
126,request info on academic mentorship program,Academic Office,Low
2898,there is a swarm of bees outside my window in the dorm. i am terrified of bees. please do something!!,Student Housing,Medium
3792,"The system crashed while I was clicking 'Submit' on my final term paper. The portal now says the deadline has passed. Please check the logs, I had it ready on time.",IT Support,High
132,i'm interested in the study abroad program. who should i talk to?,Academic Office,Low
616,There is a strange buzzing sound coming from the overhead light in my dorm room.,Student Housing,Low
1401,I'm having trouble with the air conditioning in the student union. It's very hot.,Administration,Low
2965,The university's online password reset system is down and I am locked out of my account. I have a final paper due in 1 hour. Please help!,IT Support,High
8718,I locked myself out of my room and it's 2 AM. I need someone to let me in.,Student Housing,High
7398,I would like to know the criteria for the dean's list for the humanities major students.,Academic Office,Low
8137,The transformer outside the north dorm just exploded and a tree is on fire near the building.,Student Housing,High
2526,i need an emergency transcript for a scholarship that expires in 1 hour. the automated system is down.,Administration,High
6833,my student id card is not working at any of the gates and i am currently stuck outside the campus at midnight.,Administration,High
2449,i'm tryin to find the official university policy on academic integrity. is it in the handbook or the portal? thx.,Administration,Medium
6981,I am a prospective student and I'm confused about the transfer requirements for students from community colleges.,Admissions,Low
1129,"Hi, I noticed a discrepancy in the tuition totals listed on the main admissions site versus my specific student portal. Which is correct?",Admissions,Medium
2709,I am unable to see my final exam grades and I need them for an internship application due tomorrow.,Academic Office,High
4975,The lock on my dorm room window is broken and anyone could climb in from the fire escape. i need this fixed tonight.,Student Housing,High
1253,I'm having trouble with the online portal for my student printer credit account.,IT Support,Low
2751,How do I get a copy of the university's academic integrity policy for a research project I'm doing?,Academic Office,Low
1766,My roommate is being very loud and I can't study for my final exam which is tomorrow morning at 8 AM sharp.,Student Housing,Medium
581,Does the library have a copy of the textbook for 'Introduction to Philosophy'? I can't afford to buy it.,Library,Low
968,I'M SCREAMING BECAUSE I THINK I ACCIDENTALLY SENT MY ADMISSIONS ESSAY TO MY EX INSTEAD OF THE PORTAL PLS HELP ME!!!!!!!,Admissions,Low
6576,I'm looking for a copy of the university's budget from ten years ago for a comparative data analysis project.,Finance Office,Low
8817,library book club info request,Library,Low
8153,I need to know my GPA to apply for an internship today. The portal is showing an error.,Academic Office,High
655,i can't login to the portal and my dissertation is due in 15 mins. it keeps saying 'user not found' please fix it now!!,IT Support,High
8070,course capacity unclear on registration page,Academic Office,Medium
6706,I would like to know if the IT department offers any classes on how to build a gaming PC for fun next year.,IT Support,Low
4284,air conditioning inconsistent in dorm room,Student Housing,Medium
5091,I would like to know the deadline to register for classes for the upcoming spring semester.,Academic Office,Low
7070,URGENT!! I need to update my mailing address for my diploma. I am moving in three weeks and if it goes to the old address I'll be devistated!!,Administration,Medium
5317,A student has had a severe allergic reaction to something in the library cafe and their throat is closing up.,Library,High
2234,Could you please clarify the deadline for the early action application for the 2025 fall semester?,Admissions,Low
4148,i'm currently taking a timed exam and the campus wifi just went down in my dorm. i need my session restored immediately.,IT Support,High
8225,I need help with my application for a student grant for research in the natural and life sciences.,Academic Office,Low
8788,My tuition payment was returned by the bank and the system automatically dropped me from all my classes. I need this fixed today.,Finance Office,High
4745,how do i change my major? i'm currently in business but i want to switch to art.,Academic Office,Medium
3033,The registrar's office has misplaced my paper for the internship credit and the deadline for the registrar to approve it is in two hours.,Academic Office,High
2005,name on certificate differs slightly from ID,Administration,Medium
1119,Someone in my dorm is smoking and the smell is coming into my room. I have allergies. please help.,Student Housing,Medium
2180,I am unable to register for the last section of my prerequisite class because of a system error. Registration closes in 3 hours.,Academic Office,High
7075,pls verify student certificate info,Administration,Low
540,URGENT!!!!! I NEED TO KNOW IF THE LIBRARY HAS ANY PLUGS FOR MY LAPTOP I AM AT 1% AND MY PAPER IS DUE NOW!!!!!!!,Library,Medium
6803,room door lock broken cannot enter dorm late night,Student Housing,High
2237,my graduation status is showing as 'failed' due to a missing administrative fee i paid months ago. deadline is today.,Administration,High
4390,The student health insurance waiver I submitted was rejected. I need to know what additional documentation is required.,Finance Office,Medium
157,I need to report a broken window in the administration building. It looks like it was hit by a rock.,Administration,Medium
7474,i want to know if the academic office uses fountain pens for signing official documents? its for a study.,Academic Office,Low
440,i am trapped in the 24-hour study lab because the electronic door lock has malfunctioned. there is no one else here.,Library,High
267,The university's payment portal is charging a 10% fee by mistake on my tuition payment due at 5pm today. I need this corrected immediately.,Finance Office,High
6907,"Can I bring my own furniture into my dorm room, or do I have to use what's provided?",Student Housing,Low
3423,i want to change my dorm room for next semester. what is the process?,Student Housing,Low
1141,A ceiling tile in the 2nd floor hallway of the library looks like it's about to fall. Someone might get hurt.,Library,Medium
3056,locked out of dorm room at night with no backup access,Student Housing,High
7613,The door to my dorm room is sticking.,Student Housing,Low
1462,I am an international student and my health insurance is showing as inactive in the system. I really need to see a doctor later today.,Administration,High
8683,i am unable to see my final grades from last semester on the portal. it just shows a blank white page.,Academic Office,Medium
7923,I was overcharged for lab fees I already paid in cash. I need this balance cleared to register for my final exams.,Finance Office,High
6726,"MFA code not arriving, unable to submit my assignment.",IT Support,High
6427,"Admissions portal errors, submission blocked.",Admissions,High
7846,Dorm heating not functioning at all.,Student Housing,Medium
199,my scholarship check was stolen from the mail. what should i do?,Finance Office,High
864,I would like to know the deadline to apply for the university's need-based scholarship program for next year.,Finance Office,Low
5578,I would like to know the deadline to drop a class without it appearing on my transcript.,Academic Office,Low
8468,portal crashed while submitting assignment due in 1 hour,IT Support,High
524,There is a massive hornet's nest outside the window of my room on the 4th floor. I can't even open my window.,Student Housing,Medium
3524,library orientation session info request,Library,Low
1749,I am having trouble with the online payment system for the graduation fee. It keeps timing out.,Finance Office,Medium
2779,pls verify ID card info,Administration,Low
6478,I would like to know the deadline for applying for a student research fellowship for the summer term.,Academic Office,Low
4512,A student in the library has collapsed and is unconscious. We need medical assistance on the 4th floor immediately.,Library,High
8048,I AM SO ANGRY!! I BOUGHT THE DELUXE MEAL PLAN BUT IT SAYS I ONLY HAVE THE ECONOMY ONE ON MY APP!! I WANT MY FOOD!!,Student Housing,Medium
465,how do i pay my library fine for $1.50? i want to clear my record.,Finance Office,Low
3713,transcript error blocking graduation clearance today,Administration,High
5519,Can you please verify if the tuition discount for university staff dependents has been applied to my account?,Finance Office,Medium
282,i'm having trouble with the printer in the student center. it's not recognizing my student id card.,IT Support,Medium
2643,the ceiling in my dorm room is leaking directly onto my computer and the deadline for my project is tonight.,Student Housing,High
601,how do i request a copy of my unofficial transcript from the student portal? i just want to see my gpa for my resume.,Academic Office,Low
2047,What are the hours for the campus Health Center on Sundays?,Administration,Low
1445,the system crashed during my application submission and now it says 'application expired' even though the deadline is in 2 hours.,Admissions,High
8017,I NEED TO KNOW IF THE LIBRARY IS OPEN ON THE FOURTH OF JULY PLS PLS PLS PLS RESPOND!!!!!!!,Library,Low
5611,How can I get a copy of the university's grading policy for a research paper I'm writing?,Academic Office,Low
2102,Library printer not working properly.,Library,Low
2494,Exam registration page keeps timing out.,Academic Office,Medium
563,student housing room repair request partially complete,Student Housing,Medium
4471,I NEED TO KNOW MY STUDENT ID NUMBER RIGHT NOW TO FILL OUT A JOB APPLICATION HELP ME!!!!!,Academic Office,Low
5681,How do I request a replacement for my student ID card if it's been lost?,Administration,Low
3134,I'd like to know the process for appealing a parking ticket I received yesterday. I have a valid permit but it wasn't displayed properly.,Administration,Medium
2988,"I am an international student and my health insurance is showing as inactive, but I have a doctor's appointment tomorrow morning.",Administration,High
2894,"hi, do u have a list of all the different types of fruit trees on the university grounds? thx.",Administration,Low
217,The elevator in my residence hall just dropped two floors and stopped. There are 4 people inside.,Student Housing,High
4620,I would like to request an extension on my library book because I am currently sick and cannot return it today.,Library,Medium
1338,student ID not scanning and exam starts soon,Administration,High
1525,I need help with my application for a student grant for research in the computer and social sciences.,Academic Office,Low
433,I'm having trouble with the library's website. It keeps crashing every time I try to search for a book.,Library,Medium
1815,MY TRANSCRIPT IS TOTALLY WRONG AND I AM FREAKING OUT!!!!!!!!!!!!!! PLEASE FIX MY GRADE IN ART HISTORY!!!!!!!,Academic Office,Medium
2084,I would like to request a copy of the university's policy on procurement and contracting.,Administration,Low
2151,OMG I THINK I FORGOT TO SIGN MY HOUSING CONTRACT AND THE DEADLINE WAS YESTERDAY AM I HOMELESS HELP ME!!!!!!!,Student Housing,Medium
206,can u tell me if the library has any copies of the book the prince for my class next week?,Library,Low
3418,dorm plumbing maintenance request,Student Housing,Medium
39,i need to know the deadline for spring applications.,Admissions,Low
7634,Does the IT department have a list of recommended stickers that won't damage the laptop casing?,IT Support,Low
3550,I am an international applicant and I haven't received any word on whether my application is complete.,Admissions,Medium
1324,Can I get a list of all the student organizations that are focused on student career development?,Administration,Low
4001,The system keeps saying 'file too large' when I try to upload my 2KB word doc. Deadline is in 10 minutes.,IT Support,High
246,I need to know the deadline for submitting my application for the graduate program. Is it tomorrow?,Admissions,Low
104,transcript request stuck longer than expected,Administration,Medium
1776,I AM IN THE MIDDLE OF A CRISIS!! THE AUTOMATED PAYMENT SYSTEM REJECTED MY CARD AND NOW I MIGHT LOSE MY CLASS SPOT!!,Finance Office,Medium
6541,minor typo on ID card name,Administration,Medium
2863,I NEED AN OFFICIAL ADMINISTRATIVE APPROVAL FOR MY RESEARCH GRANT BY 5PM OR THE FUNDING WILL BE REALLOCATED.,Administration,High
2115,i need an enrollment verification letter for my insurance company. the automated one on the site has a typo in my address.,Administration,Medium
8384,I received an acceptance letter but my name is spelled incorrectly. How can I get this fixed before my I-20 is issued?,Admissions,Medium
803,i lost my physical id card but i have a digital copy. can i use that to enter the testing center today? thx.,Administration,Medium
2480,There is a massive fire in the trash bin outside the dorm building. Please call the fire department immediately!,Student Housing,High
7424,heating system down in dorm during freezing night,Student Housing,High
3649,I NEED TO KNOW THE DEADLINE FOR THE FALL SEMESTER RIGHT NOW PLS PLS PLS PLS HELP ME!!!!!!!,Admissions,Low
1975,i want to know the hours of the university's bookstore. are they open on saturdays?,Admissions,Low
3692,admin office hours pls?,Administration,Low
1446,I'm having a calm but serious issue: my graduation clearance is being denied due to a $10 fee I was never told about. Graduation is tomorrow.,Finance Office,High
739,i want to know the policy for bringin a pet fish to the dorms? idk if i need a permit for that.,Student Housing,Low
1848,"idk if this is the right place, but can i pay for a library snack with a credit card or is it cash only?",Library,Low
784,i want to know the hours of the library during finals week. are they open 24 hours?,Library,Medium
1104,MY ROOMMATE LOCKED ME OUT AND I LEFT MY STOVE ON!!!! PLEASE SEND SOMEONE TO MY DORM ASAP!!!!,Student Housing,High
4322,"Dear Admissions, I recievd an email saying my transcript was not received, but my high school confirmed they sent it via Parchment on the 10th.",Admissions,Medium
7439,is the finance office open on saturdays?,Finance Office,Low
1131,The lock on my dorm door is broken and anyone could just walk in. I need this fixed tonight for my safety.,Student Housing,High
4475,The bank says the payment went through but the university says it didn't. I need this hold removed so I can graduate tomorrow.,Finance Office,High
7068,my graduation status is showing as 'denied' because of a missing course that i actually completed last year. graduation is in 3 days.,Academic Office,High
3715,"I am trying to pay my graduation fee, but the system says I am not eligible to graduate. The deadline to fix this is today.",Administration,High
163,I'm having trouble with the online portal for my student loans. It won't let me sign the documents.,Finance Office,Medium
1303,course outline link not working intermittently,Academic Office,Medium
3149,Grade portal incorrect marks.,Academic Office,High
5855,My tuition payment is showing as 'rejected' even though I have the funds. Registration for my summer classes closes tomorrow morning.,Finance Office,High
6591,"The medical immunization records I submitted weeks ago are still marked as missing, and I have been notified that I will be barred from registration tomorrow morning.",Admissions,High
584,i'm havign trouble with the printer in the library it's not recognizing my student id card.,IT Support,Medium
2656,Do you have extended library hours during exams?,Library,Low
127,Need enrollment verification letter for scholarship.,Administration,Medium
6825,The library's security camera just showed an intruder entering the basement archives through a side window.,Library,High
10,I am unable to see my final grade for History 101 even though my classmates can see theirs. Can you check my status?,Academic Office,Medium
5942,I would like to report that my professor has not posted our final grades and the graduation clearance deadline is in 4 hours.,Academic Office,High
1580,i want to know if i can bring my cat to live with me in the dorms next year.,Student Housing,Low
2673,The water in my dorm is coming out brown and I need to shower for a job interview in 30 minutes. Please help!,Student Housing,High
6242,How can I find out who my academic advisor is? I need to get my classes approved for next semester.,Academic Office,Medium
3414,Are there any quiet study areas in the library that are open on Thursday nights?,Library,Low
4595,My tuition payment is showing as 'pending' for three days and I have a registration hold. Tuition is due tomorrow at 5 PM.,Finance Office,High
6451,My MFA device is broken and I have a proctored online final starting in 10 minutes. I cannot log in to start the exam.,IT Support,High
2606,Can I get a copy of the university's annual report from the admissions office?,Admissions,Low
5071,I'm trying to find out the deadline to apply for the university's emergency grant program.,Finance Office,Low
4539,Can I get a copy of the campus map with the bike lanes highlighted?,Administration,Low
908,The fridge in my dorm room is not cold enough.,Student Housing,Low
3029,tuition installment option delayed in portal,Finance Office,Medium
7911,URGENT!!!! Is the library open on Easter Sunday??? Pls let me know right now!!!,Library,Low
8813,"I mistakenly sent my tuition payment to the wrong bank account. I have the receipt but I need help retrieving it immediately as it was for $5,000.",Finance Office,High
1381,OMGGGGG I LOST MY ID CARD AND I HAVE A DATE TONIGHT AND I NEED IT TO GET INTO THE MOVIE THEATER PLS HELP ASAP!!!!,Administration,Low
1917,tuition late payment warning seems wrong,Finance Office,Medium
356,I noticed that the vending machine in the basement of building B is out of snacks. When will it be refilled by the university's vendor?,Student Housing,Low
3660,academic department course update inquiry,Academic Office,Medium
594,I noticed that the microwave in the dorm kitchen is not working properly and it smells like smoke.,Student Housing,Medium
7970,The bursar's office has charged me for a full meal plan even though I am living off-campus this year. I would appreciate it if this was corrected by the end of the month.,Finance Office,Medium
261,When is the deadline for submitting my acceptance documents?,Admissions,High
4229,admin office processing slower than usual,Administration,Medium
3148,when is next tuition payment deadline?,Finance Office,Low
4162,"I received a notice that my student health insurance has been cancelled, but I paid the premium. I have a doctor's appointment tomorrow morning.",Administration,High
5432,my student email account has been suspended for no reason and i have my final project due in my inbox for tonight.,IT Support,High
8278,Grade submission portal shows error.,Academic Office,High
1849,how do i request a copy of the official university seal for my scholarship application next month? thx.,Administration,Medium
2416,application checklist resets sometimes,Admissions,Medium
1127,I found a book on the shelf that is marked as 'Missing' in the catalog. Can you update the system?,Library,Medium
1441,I found a backpack with a ticking sound in the library study area. We need security immediately.,Library,High
924,application form not saving changes properly,Admissions,Medium
4219,is there any way to change my major from bio to engineering? i decided that i want to build things now. thx.,Academic Office,Medium
7802,I'm having trouble with the library's online database. It says my account is locked but I haven't used it in weeks.,Library,Medium
7198,my student email account is not receiving any emails from my professors and i am missing all my assignment links for tonight at midnight.,IT Support,High
5837,general guidance on admin form submission,Administration,Low
2182,ID card replacement request not yet processed,Administration,Medium
1643,URGENT PLS!!!! I NEED TO BOOK A STUDY ROOM FOR TONIGHT BC MY ROOMMATE IS HAVING A PARTY AND I HAVE AN EXAM!!!!,Library,Medium
4187,Can I check library availability online?,Library,Low
6755,i'm havign trouble with the university's email on my phone it is not syncing messages from my professor about the quiz.,IT Support,Medium
3132,I need a signed copy of my degree verification.,Administration,Low
2616,i'm tryin to find the library's policy on borrowing books from other universities. is it free for students?,Library,Low
3340,I am trapped in the library's automated shelving system. My leg is caught and I need help immediately.,Library,High
5095,I noticed a spelling mistake in my name on the university's website.,Administration,Low
338,Where can I find the campus map and building directory?,Administration,Low
593,uploaded application files missing before deadline,Admissions,High
3232,System crash submitting assignment.,IT Support,High
5636,OMG I NEED TO KNOW IF THE LIBRARY HAS PINK STICKY NOTES RIGHT NOW I AM DYING HELP ME PLS PLS PLS!!!!!!!!!!,Library,Low
7027,I'm having trouble with the online portal for my student transcript requests.,Academic Office,Medium
7973,library book hold confirmation delayed,Library,Medium
8643,I am experiencing a slight delay in the synchronization of my student calendar with my personal outlook account. It is not urgent but would be nice to have fixed.,IT Support,Low
6970,r there any lockers available in the library for just 30 mins while i go grab coffee? thx.,Library,Low
2065,tuition breakdown unclear after recent adjustment,Finance Office,Medium
4317,missing confirmation email for application submission,Admissions,Medium
7741,Could you please verify if the FAFSA data for the 2026 academic year has been received by your office yet?,Finance Office,Medium
2818,i just found a major mistake on my official transcript that is going to get my job offer rescinded by tomorrow.,Administration,High
4910,I noticed that the light in the library stairwell is out and it's very dark. I'm worried about someone tripping and getting hurt.,Library,Medium
1802,I would like to know the deadline for applying for a student research grant for the spring break.,Academic Office,Low
2077,my laptop is making a weird clicking noise but everything is working fine. should i bring it in?,IT Support,Low
3531,how to change my major?,Academic Office,Low
2383,"The university's portal for study abroad applications is showing a database connection error, and the deadline is in 4 hours.",Admissions,High
6125,The university's email system is rejecting all outgoing emails to gmail addresses. I need to send my final project to my professor by noon.,IT Support,High
3191,A pipe burst in my room and my laptop and all my textbooks are submerged in water. I have a midterm tomorrow.,Student Housing,High
7569,dorm shuttle bus timetable,Student Housing,Low
1530,IT portal showing incomplete student info,IT Support,Medium
8593,admission portal shows wrong program,Admissions,Medium
3296,is it possible to renew a book online if it is already overdue?,Library,Medium
2113,I need to change my emergency contact information in the university system.,Administration,Low
8328,admission fee correction inquiry,Admissions,Medium
1455,room lock jammed cannot access dorm overnight,Student Housing,High
2429,ID card scanner not working before final exam today,Administration,High
188,i'm tryin to figure out how to get a parking permit for the next semester. where is the office?,Student Housing,Medium
6100,I am being followed in the library stacks by a man who is making me feel extremely unsafe. Please send a guard.,Library,High
3717,tuition breakdown unclear after adjustment,Finance Office,Medium
160,i want to know the hours of the student health center. are they open on weekends?,Admissions,Low
8110,hi idk where to go to change my major. u guys help with that?,Academic Office,Medium
4884,i need an emergency replacement diploma for my professional license board today. the office is closing at 4 pm.,Administration,High
6510,"Tuition payment error, portal keeps rejecting my credit card.",Finance Office,High
2856,is there any way to get a copy of my official transcript sent to my home address for my personal records?,Academic Office,Medium
5195,the main parking lot is being flooded from a water main break and cars are starting to be submerged. we need an emergency tow.,Administration,High
5360,vpn disconnects when switching networks,IT Support,Medium
3198,portal occasionally logs me out unexpectedly,IT Support,Medium
8464,admission portal not updated,Admissions,Medium
1229,I am a prospective student and I would like to schedule a tour of the campus for next Tuesday.,Admissions,Low
5738,need updated enrollment letter soon,Administration,Medium
1102,I missed the course registration deadline because of a family emergency. Is there any way I can still enroll in the mandatory Ethics course?,Academic Office,High
232,"hi, i want to know if the library has any books written in Elvish? i'm a huge fan.",Library,Low
8761,"The campus payment server is being attacked and my credit card was just used for $5,000 in fraudulent purchases.",Finance Office,High
8227,The bursar's office has charged me $500 for a meal plan that i never signed up for. i need this corrected.,Finance Office,Medium
7983,I forgot to sign out of a public computer in the library. Can someone lock my session?,IT Support,Medium
1047,The administrative portal is down and i must submit my appeal for the disciplinary notice by midnight tonight or i lose my housing. please advise.,Administration,High
4480,application portal erased uploaded documents near deadline,Admissions,High
1541,i was overcharged for my meal plan this semester. it says i have the unlimited plan but i signed up for the 10-meal plan.,Finance Office,Medium
388,The washing machine in the basement is leaking water all over the floor.,Student Housing,Medium
2642,"The student portal is down for scheduled maintenance, but my scholarship application is due in 3 hours. I was not aware of the maintenance schedule.",IT Support,High
5053,library borrowing policy inquiry,Library,Low
6176,The financial aid office has applied my loan to the wrong student ID and my tuition is now showing as unpaid on the final due date.,Finance Office,High
4870,I need to know the requirements for graduating with a minor in Sociology.,Academic Office,Low
7190,How do I apply for a student parking permit for the next academic year?,Administration,Low
1155,exam timetable clarification,Academic Office,Medium
6123,i am trying to submit my final thesis but the file is 1MB over the limit and the deadline is in 2 minutes. please help!!,IT Support,High
1009,library question about reading hours,Library,Low
5392,exam registration portal error clarification,Academic Office,Medium
6534,grade submission fails repeatedly before deadline tonight,Academic Office,High
1271,The library's database for final research papers is deleting student files. I just lost my entire thesis.,Library,High
6763,i am blocked from the registration system and my priority window closes in 10 minutes. please remove the 'system hold'.,Academic Office,High
1095,The university's system for submitting graduate thesis papers is down and the deadline for graduation is in three hours.,Administration,High
3920,I am having trouble finding my class location. It says 'Room 402' but I can't find that in the Arts building.,Academic Office,Low
1516,airflow in dorm is inconsistent,Student Housing,Medium
4210,fee adjustment request still pending,Finance Office,Medium
3078,is there any way to get a certificate of participation for the volunteer event i did last month? just for my resume.,Administration,Low
612,the carbon monoxide detector in my suite is beeping and i have a headache. please send someone immediately.,Student Housing,High
6229,PLEASE HELP ME!!! I am trying to upload my final recommendation letter but the button is greyed out. My application isn't due until next week but I am so stressed!!,Admissions,Medium
2348,laundry timing?,Student Housing,Low
1111,I would like to request an official transcript be sent to the following graduate school address by the end of next week.,Academic Office,Medium
939,hello i am inquiring about the policy for bringing a service animal to the convocation ceremony next month. thank you.,Administration,Medium
2985,info on academic newsletter subscription,Academic Office,Low
4304,exam grade submission query,Academic Office,Medium
6030,I am being harassed by another student in my shared apartment and I no longer feel safe sleeping there. I need to move to a different unit immediately.,Student Housing,High
6292,pls provide info on certificate ordering process,Administration,Low
2318,Dorm faucet leaking badly.,Student Housing,Medium
2804,Portal crashed submitting assignment.,IT Support,High
5489,The vending machine in the student union is out of bottled water. When will it be restocked?,Administration,Low
6204,I would like to request a copy of the university's policy on student employment from the finance office.,Finance Office,Low
6279,I am reporting that the fire alarm system in our wing has been deactivated by a student. This is an emergency safety risk.,Student Housing,High
6231,The lock on my dorm room window is broken and anyone could climb in from the fire escape. i need this fixed before i sleep.,Student Housing,Medium
1774,OMG URGENT I NEED TO KNOW THE MENU FOR THE CAFE TODAY I AM LITERALLY STARVING PLS HELP ME NOW!!!!!!!!!!,Student Housing,Low
4004,i'm tryin to figure out if i can get a bigger chair for my desk bc this one is small. thx.,Student Housing,Medium
6750,I noticed that the carpet in the hallway of building B is coming up at the edges and it's a bit of a trip hazard.,Student Housing,Low
1696,I noticed that the library search engine is not returning any results for journals published after 2022.,Library,Medium
1259,Admissions submission portal not working.,Admissions,High
2648,"Admissions docs deadline near, portal rejects submission.",Admissions,High
1701,I am an international student and I'm confused about the health insurance waiver process and the specific deadlines for the fall term.,Administration,Medium
7875,"hey, can i pay my student fees with a bag of nickels or does it have to be bigger coins? just checkin.",Finance Office,Low
1560,I would like to know the deadline for applying for a student internship in the healthcare sector.,Academic Office,Low
4902,i am calm but my financial aid application was rejected because of a typo in the university's system and the final appeal deadline is in 2 hours.,Finance Office,High
472,"My student account is showing a balance of $5,000 for a meal plan I never signed up for. Enrollment ends in 24 hours.",Finance Office,High
8131,I noticed that the printer in the study room is making a very loud grinding noise and it's very distracting when trying to work.,Library,Low
3073,The air conditioning in the computer lab is way too cold. Can someone adjust the thermostat?,IT Support,Low
6622,hello. i am writing to inform you that the final grade for my senior seminar is missing from the portal. graduation clearance is in exactly 3 hours and this is a blocking issue. thank you for your help.,Academic Office,High
4673,The automatic doors at the main entrance are staying open and it's freezing in the lobby.,Administration,Medium
1375,My tuition payment is showing as 'rejected' even though I have the funds. Registration for my fall classes closes tomorrow morning.,Finance Office,High
8649,"hey, is the finance office hiring any student painters for the summer of 2027? id like to apply early.",Finance Office,Low
5326,I'm having trouble with the online portal for my student web hosting request account.,IT Support,Medium
5633,i want to know the policy for reserving a study room for a group project next week. can i book it for 4 hours?,Library,Medium
7377,The ceiling in my dorm room is about to collapse because of a leak from above. Please send someone immediately!,Student Housing,High
8057,network outage occurred during timed exam submission,IT Support,High
1214,How can I get a copy of the university's mission statement for a class project?,Administration,Low
2183,the main water line in the building just burst and the hallway is flooding. i am very calm but we need maintenance now.,Student Housing,High
1756,There is a significant error on my official background check conducted by the university. I will lose my job offer if it's not fixed by tomorrow.,Administration,High
2641,i think i lost my keys in the cafeteria... has anyone turned them in??,Administration,Low
8105,I am writing to inquire about the student discount for the upcoming campus theater production. i couldn't find the link.,Administration,Low
1960,PLEASE!!!!!! I NEED TO KNOW IF I CAN GET A REFUND FOR MY MEAL PLAN I HATE THE FOOD SO MUCH HELP!!!!!!,Finance Office,Low
6235,To the Housing Department: My window in room 402 broke due to the wind and it is snowing outside. I cannot stay here tonight as the temperature is dropping rapidly.,Student Housing,High
8449,I am an international student and my visa documents were sent to the wrong city. I have my interview at 8 AM tomorrow morning.,Administration,High
4883,hey idk how to check my meal plan balance. is there an app for that or do i have to go to the office?,Finance Office,Low
6194,I would like to request a deferral of my admission to next year. What is the process?,Admissions,Medium
4119,I'm having trouble with the online portal for my student study group registration account.,Academic Office,Low
4170,One of the ceiling tiles in the common area of South Residence is sagging and looks like it's about to fall.,Student Housing,Medium
7805,The portal for graduation applications is showing an internal server error for all seniors today. deadline is today at 5pm.,Administration,High
2336,I'm having trouble with the online portal for my student web hosting account.,IT Support,Medium
265,i want to know if there are any student jobs available in the student housing office for the next semester. i need a job.,Student Housing,Low
8732,"Heating not working, dorm room cold.",Student Housing,Medium
3179,my student visa i-20 was issued with an incorrect birth year. My embassy interview is scheduled for tomorrow at 8am. I need a digital correction now.,Admissions,High
8714,Can u tell me where the nearest printer is? idk how to find it on the map.,Library,Low
3829,hey can u help me find the link for the online application for the study abroad program for next year?,Admissions,Medium
2459,There is a persistent error when trying to access the 'Degree Audit' tool. It keeps saying 'Service Unavailable'.,Academic Office,Medium
7642,I am unable to access the online library database to complete my research project which is due tomorrow morning.,Library,High
3467,The university website is displaying my social security number on my student profile. This is a severe privacy breach and must be resolved immediately.,Administration,High
7542,Is there a way to get a copy of my unofficial transcript for free?,Academic Office,Low
8874,tuition payment still not posted and deadline is in 24 hours,Finance Office,High
8199,I'm having a technical issue where my tuition payment is showing as 'Success' on my bank end but 'Failed' on yours. Deadline is tonight.,IT Support,High
851,I missed the final exam because I was in the hospital. I have the medical records. How can I make it up?,Academic Office,High
7700,"Library system slow, can't print.",Library,Low
2032,Is there a specific place where I can find past exam papers for the biology department in the library?,Library,Low
4679,PLEASE HURRY THE PRINTER IS MAKING A WEIRD GRINDING NOISE AND I NEED TO PRINT MY THESIS IN 15 MINUTES FOR SUBMISSION!!!!!!!,Library,Medium
3307,window not sealing properly,Student Housing,Medium
93,How can I get a copy of the university's grading policy for an essay I'm writing?,Academic Office,Low
7142,I need help with my application for a student grant for research in the computer and life sciences.,Academic Office,Low
1526,URGENT!!!!! My book is overdue and I don't want to pay the fine please help me ASAP!!!!,Library,Low
6745,Need transcript for scholarship application.,Administration,Medium
632,I noticed that the air conditioning in the student union is making a very loud whistling noise and it's quite annoying for students.,Administration,Low
3326,grade seems missing for one assignment,Academic Office,Medium
7211,I'm having trouble with the library's wifi; it keeps dropping my connection every five minutes while I'm trying to download articles.,IT Support,Medium
8345,academic office grade entry discrepancy for elective course,Academic Office,Medium
6955,I would like to know the deadline for applying for a student internship in the local community.,Academic Office,Low
242,I'M SO STRESSED!! My interview for the honors program was scheduled for today but I never received the Zoom link in my email!!,Admissions,Medium
7321,academic office info about tutoring sessions,Academic Office,Low
1240,hey can u tell me if the library has any group study rooms that i can book for tomorrow morning at 9am?,Library,Medium
2173,i am an applicant for the spring semester and i still haven't received my acceptance letter. classes start in two days.,Admissions,High
7103,I was incorrectly listed as 'Not Graduating' in the commencement program. I have completed all 120 credits. Pls fix this now.,Academic Office,High
8037,i am currently in the library and the ceiling just started collapsing in the study area. pieces of concrete are falling.,Library,High
1769,"My admission scholarship was not applied to my account and I cannot pay the $20,000 balance due tonight. Please help me before I'm dropped.",Admissions,High
2953,i want to know if i can take a placement test for chinese or if i have to start at the beginning. thx.,Academic Office,Low
1747,I'm a prospective student and I would like to know the average SAT scores for the computer science program.,Admissions,Low
5752,Library computer not booting.,Library,Medium
8009,academic office optional course info request,Academic Office,Low
7482,I noticed that the light in the computer lab is out. It is very dark when working on assignments at night.,IT Support,Medium
4157,The faucet in my bathroom is dripping. It's annoying but not a flood.,Student Housing,Medium
6954,Official transcript needed for scholarship.,Administration,Medium
5308,The air conditioning in my dorm room is making a very loud rattling sound and I can't sleep.,Student Housing,Medium
3308,"I received an email stating that my financial aid has been reduced because I dropped a class, but I'm still a full-time student. I need this corrected immediately as my tuition is due today.",Finance Office,High
8673,"I received an email stating that my student account has been deactivated because of a policy violation, but I don't know what I did. I need this resolved so I can access my classes.",IT Support,Medium
4757,"The course portal for 'Advanced Robotics' is showing a zero for my final exam, but I haven't even taken it yet. This is blocking my graduation clearance.",Academic Office,High
3731,I would like to know the deadline to apply for graduation for the spring semester.,Academic Office,Low
2275,The library's scanner is not working. It's giving an error message saying 'Out of Order'.,Library,Low
2166,Library app freezing today.,Library,Low
7361,The university's website is not working properly on my tablet. The menu won't open.,IT Support,Low
859,"The tuition system just charged my card 5 times. My total bank balance is now -$15,000. I need an immediate refund.",Finance Office,High
3157,HELP!! I forgot my laptop charger in the lecture hall and it only has 2% left and i need to finish this quiz by midnight!!!,IT Support,Medium
4353,"hey, is there a map that shows where all the power outlets are in the finance office waiting area?",Finance Office,Low
2513,course selection page shows partial loading issues,Academic Office,Medium
3976,library computer availability inquiry,Library,Low
6766,heating system completely down during freezing night,Student Housing,High
1552,Dorm faucet dripping.,Student Housing,Medium
3676,acceptance letter not showing before deposit deadline,Admissions,High
3211,exam registration issue clarification,Academic Office,Medium
4247,file upload sometimes fails then works,IT Support,Medium
2549,Someone stole my bike from the bike rack near the student union. What should I do?,Administration,Medium
1850,system froze during submission right before deadline,IT Support,High
8051,Is there a way to request a different meal plan? I'm finding the current one doesn't have enough vegetarian options.,Student Housing,Medium
2319,I've been waitlisted for a course that I need to graduate this semester. Is there any way to get an override?,Academic Office,High
441,Grade portal shows wrong marks.,Academic Office,High
8294,"My tuition payment of $5,000 was sent to the wrong account according to my bank and I need to stop the transfer now.",Finance Office,High
462,i'm tryin to figure out how to get a parking permit for the next semester. where is the office for that located?,Student Housing,Medium
5141,I need help with my application for a student scholarship for students in the social and humanities sciences.,Finance Office,Low
6422,i tried to pay my tuition but it says my account is blocked. today is the final payment day before the late fee kicks in.,Finance Office,High
3436,"the 'Check Out' kiosks in the library are down, so there's a huge line at the main desk. can u send another staffer?",Library,Medium
886,I'm interested in the study abroad program for next year. Who is the best person to talk to about requirements?,Academic Office,Low
683,HELP!!!! I CANT FIND MY DORM ROOM AND IT IS RAINING AND I AM SO TIRED PLEEEASE HELP!!!!!,Student Housing,Low
3021,deadline today but portal not showing accept button,Admissions,High
7638,I AM LITERALLY SHAKING!! I CANT LOG INTO THE PORTAL TO SEE MY EXAM RESULTS AND I HAVE BEEN WAITING ALL WEEK!! HELP!!,IT Support,Medium
578,i am writing to report that my id card chip is malfunctioning and i cannot enter the testing hall for my final exam starting in 15 minutes. i am currently at the door.,Administration,High
2980,My MFA token for the secure portal isn't working and I have a final exam starting in 15 minutes that requires it.,IT Support,High
646,I would like to inquire about the requirements for the merit-based scholarship for the next academic year.,Finance Office,Low
7524,locked out of dorm room and no spare key available,Student Housing,High
213,I have been locked out of the residence hall because my ID card was deactivated. It is 2 AM and I am outside without my coat.,Student Housing,High
5374,I would like to appeal a late fee on my tuition. I was in the hospital when the payment was due and have documentation.,Finance Office,Medium
4739,Does the university provide any assistance with filing taxes for out-of-state students?,Finance Office,Low
980,i need to change my meal plan but the deadline was yesterday. can you make an exception?,Student Housing,Medium
5274,application checklist not updating properly,Admissions,Medium
260,The shared bathroom in Hallway B has a sink that has been leaking for three days. It's wasting a lot of water.,Student Housing,Medium
4570,The system for submitting letters of recommendation is down and the deadline is in three hours.,Admissions,High
5923,helpppp!!! my name isn't on the graduation list for saturday but i finished all my classes!! what do i do????,Academic Office,High
1688,I need to know if the career fair is open to alumni.,Administration,Low
225,idk how to check my final grades from last semester. where is the link located?,Academic Office,Low
1223,The payment link in the email I received seems to be broken. I need to pay my enrollment deposit before the midnight deadline.,Admissions,High
6473,pls verify student enrollment info,Administration,Medium
367,I am having trouble with the dual-factor authentication on my student account. It keeps saying my token is invalid.,IT Support,Medium
1984,I'm having trouble with the air conditioning in the classroom. It's very cold.,Academic Office,Low
7351,my student id card won't let me into the medical center where I have a life-saving medication pickup scheduled for right now.,Administration,High
1655,my laptop is making a weird buzzing sound when i plug it in. is that dangerous or should i not worry about it?,IT Support,Medium
3584,installment option not visible on payment page,Finance Office,Medium
9,i lost my id card and i need a new one for my exams tomorrow.,Administration,High
2814,my tuition payment was processed twice by the university and now my bank account is overdrawn. i need an immediate refund.,Finance Office,High
5534,general guidance on admin submission process,Administration,Low
98,"Admissions docs deadline today, portal error.",Admissions,High
8038,"I am unable to see my final grade for English 101. The professor said he uploaded it, but it's not showing up for me.",Academic Office,Medium
227,i would like to inquire about the possibility of becoming a library page next semester if there are any vacancies.,Library,Low
4505,my grades for chem 101 are wrong on the portal and graduation check is tomorrow. i am very calm but this is quite important.,Academic Office,High
3913,Overcharged tuition refund not processed.,Finance Office,High
1832,My scholarship funds have not been applied to my account and I have a registration hold. Tuition is due tomorrow at 5 PM.,Finance Office,High
4563,The ceiling in the shared bathroom of Block C has a brown stain that looks like it's growing. I think there is a leak.,Student Housing,Medium
2597,room lock jammed cannot access dorm late night,Student Housing,High
7536,Can I get a list of all the student organizations that are focused on student health and wellness and sustainability?,Administration,Low
1064,I'm having a tech issue with the admissions interview portal and my interview is starting in exactly 5 minutes.,Admissions,High
2438,hi id like to know if the gym has lockers or if i need to bring my own padlock? thanks.,Administration,Low
3670,cannot enter dorm due to broken lock system,Student Housing,High
1889,i'm trying to register for a class but it says it's restricted to seniors. i am a senior.,Academic Office,Medium
981,PLEASE!!!!!! I NEED TO KNOW IF I CAN BRING MY CAT TO THE DORM IF I HAVE A DOCTORS NOTE FOR EMOTIONAL SUPPORT!!!!!!,Student Housing,Medium
5685,Is there a way to request a physical copy of my unofficial transcript for a job application?,Academic Office,Low
3685,I am a prospective student and I would like to know the deadline for international applications for the fall semester.,Admissions,Low
6402,I missed my tuition payment deadline by one day and now I have a late fee of $150. Is there any way to waive this?,Finance Office,Medium
1994,The communal dryer in South Hall is taking 3 cycles to dry one load of laundry. It's really frustrating.,Student Housing,Medium
3036,Can students donate their old laptops to the IT department for a tax write-off?,IT Support,Low
31,my financial aid refund check was stolen from my mailbox and i need to stop payment on it before it is cashed tonight. very calm.,Finance Office,High
2960,i'm having a small issue with my meal plan balance. it's off by about five dollars.,Finance Office,Low
1440,i am an international student and my I-20 is being held by the registrar for a $10 fee. i need it for my visa interview at 8 AM tomorrow.,Admissions,High
209,the bathroom on the 4th floor of the library is out of soap and paper towels. it's been like that since yesterday.,Library,Medium
4027,I would like to request a new desk for my dorm room because this one is broken and has sharp edges.,Student Housing,Low
2007,My laptop won't connect to the library printer and I need to print my paper for class in 10 minutes.,IT Support,Medium
1767,PLEASE HELP ME!!!!!!!! I FORGOT MY PASSWORD AGAIN AND I NEED TO CHECK MY GRADES NOW NOW NOW!!!!!!!,IT Support,Low
2231,"Hi, I am looking for information on the study abroad programs available for junior year architecture students.",Academic Office,Low
2932,I am an international student and I'm having trouble with the STEM OPT extension application process. I need my documents verified by tomorrow.,Admissions,High
2924,URGENT PLEASE HELP ME I CANT FIND THE STAPLER IN THE STUDY LOUNGE AND MY ASSIGNMENT IS DUE NEXT WEEK HELP!!!!!!!!!!,Library,Low
5391,idk how to check the hours for the student health center. is it open on saturdays? i need to get some cough syrup.,Admissions,Low
1602,"The tuition payment portal is currently rejecting my wire transfer, and the deadline for the spring semester is in three hours. Please advise.",Finance Office,High
2304,The server hosting the student e-portfolios is down. I have a job interview in 2 hours and my work is stored there.,IT Support,High
1465,My thesis advisor hasn't responded to my final draft and the submission portal closes in 6 hours. I am quite concerned about meeting the deadline.,Academic Office,High
960,is there any way to get a discount on the laundry machines? it's getting expensive.,Student Housing,Low
4338,i'm tryin to find the contact info for the biology department head. do u have it?,Academic Office,Medium
1335,The lamp in my dorm room is broken.,Student Housing,Low
6415,i missed my payment deadline by 5 minutes because my internet went out. can you please waive the late fee?,Finance Office,Medium
8508,can u tell me if the library has any books on the philosophy of science for my paper due next month? no hurry.,Library,Low
7393,hey can u check if u guys have the book 'modern sociology' in stock? i checked the shelf but it was empty lol.,Library,Medium
1922,My student portal is showing an 'Incomplete' grade for a course I finished two years ago. I need this cleared to receive my graduation certificate next week.,Academic Office,High
5834,Admissions portal rejects docs.,Admissions,High
1759,The Wi-Fi in the cafeteria is so slow that I can't even open my digital meal card to pay for my lunch.,IT Support,Medium
6249,I need help with my application for a student travel grant.,Finance Office,Low
2719,The bursar's office has charged me $500 for a meal plan that i never signed up for. i need this corrected before tomorrow.,Finance Office,High
4621,My admission application is showing as 'Incomplete' because of a missing SAT score that was sent in December. Deadline for scholarship is today.,Admissions,High
7841,I noticed that the air conditioning in the student union is making a very loud whistling noise.,Administration,Low
8944,I AM CRYING!! I CAN'T FIND MY FINANCIAL AID AWARD LETTER ANYWHERE IN THE SYSTEM AND I NEED IT TO SHOW MY PARENTS TODAY!!,Finance Office,Medium
5147,Is there a limit to how many library books a student can suggest for purchase in a single academic year?,Library,Low
5297,The power is out in the medical storage facility. The vaccines and lab samples will spoil in 30 minutes without backup power.,Administration,High
2345,Deadline for acceptance documents today.,Admissions,High
4048,How do I get a copy of the university's academic policies for a research project I'm doing?,Academic Office,Low
495,course content loads partially sometimes,Academic Office,Medium
4073,i want to apply for a parking permit where is that form?,Student Housing,Low
1027,I would like to inquire about the university's policy for student internships and college credits.,Academic Office,Low
3945,URGENT!!!!! I NEED TO FIND THE LINK FOR THE ONLINE CLASS THAT STARTS IN 2 MINUTES HELP!!!!!,IT Support,Medium
347,how do i request an official transcript to be sent to another university for my transfer application next month?,Academic Office,Medium
3820,portal refresh clears entered data sometimes,IT Support,Medium
6214,I'm having trouble with the online portal for my student high-performance computing (HPC) access.,IT Support,Medium
35,The registration window for the fall semester has closed but I was unable to sign up for my required capstone course due to a system error. Today is the final add date.,Academic Office,High
7175,"I noticed that the temperature in my dorm room is very high, even with the thermostat turned all the way down.",Student Housing,Medium
6635,The bookshelf in my dorm room is loose.,Student Housing,Low
2011,Emergency!! I forgot my hoodie in the student lounge. Has anyone turned it in?? Please tell me ASAP!!!,Administration,Low
2691,library book display information,Library,Low
7909,I need to know the deadline for submitting my honors thesis proposal. Is it this Friday or next Friday?,Academic Office,Low
8459,Can I borrow more library books?,Library,Low
5173,I am a prospective student and I'm confused about the application requirements for the engineering program.,Admissions,Low
5011,library lost and found procedure,Library,Low
5136,my graduation application is showing as 'rejected' due to a missing credit that i actually completed last summer. graduation is in three days.,Academic Office,High
6744,I need help with my application for a student scholarship for students in the computer and social sciences.,Finance Office,Low
4638,admission fee double charged before final deadline,Admissions,High
6855,WHY IS THE COFFEE MACHINE IN THE STUDENT CENTER ALWAYS BROKEN???? I NEED MY CAFFEINE TO FUNCTION THIS IS A TOTAL DISASTER!!!!,Administration,Low
129,syllabus links broken intermittently,Academic Office,Medium
3183,There is a massive leak in the ceiling of the cafeteria. Water is dripping everywhere.,Administration,High
3389,URGENT PLS!!!! I NEED TO BOOK A STUDY ROOM FOR TONIGHT BC MY ROOMMATE IS HAVING A PARTY AND I HAVE AN EXAM!!!! PLS HELP!!!!,Library,Medium
6261,I would like to request a copy of the university's policy on research misconduct.,Academic Office,Low
1943,I am having trouble connecting my phone to the university's wifi. It's giving me a 'failed to connect to network' error message today.,IT Support,Medium
4491,double charged admission fee before final deadline,Admissions,High
6434,The closet in my dorm room is too small.,Student Housing,Low
1622,exam registration status unclear,Academic Office,Medium
7446,i am calm but i need to report that my housing application was deleted from the system and room selection starts in 1 hour.,Student Housing,High
1241,portal dashboard shows incomplete info,IT Support,Medium
414,i'm having trouble with the university's email. it's not letting me send attachments.,IT Support,Medium
3529,I am having trouble connecting my laptop to the campus Wi-Fi. It keeps saying 'incorrect password' even though I know it's right.,IT Support,Medium
6676,library catalog help request,Library,Low
1861,I noticed that the air conditioning in my dorm room is making a very loud rattling noise and it's keeping me awake at night.,Student Housing,Medium
5306,URGENT!!!!!! I CANT FIND THE LINK TO THE VIRTUAL CAMPUS TOUR AND MY MOM IS WAITING!!!!!!!!,Admissions,Low
8022,The elevator in the parking garage is stuck between floors with an infant inside. Please dispatch emergency maintenance.,Administration,High
6382,dorm lounge usage rules inquiry,Student Housing,Low
109,The ceiling in the computer lab just collapsed due to a pipe burst and electrical equipment is exposed. We need someone immediately.,Administration,High
8045,vpn disconnects occasionally,IT Support,Medium
626,portal UI shows inconsistent data,IT Support,Medium
4369,I would like to report that the faculty grading portal is leaking student IDs and names to the public directory.,IT Support,High
863,can u tell me if the library has any books on 'the philosophy of science' for my paper due next week?,Library,Medium
5925,the university health center pharmacy is handing out the wrong prescriptions. i just received a medication i am severely allergic to.,Administration,High
6517,the toilet in room 405 is overflowing. please send someone immediately.,Student Housing,High
1886,exam enrollment failed and deadline is in few hours,Academic Office,High
1699,i have a question about the university's policy on pets in the dorm. can i have a goldfish?,Student Housing,Low
7609,I received an email stating that my student account has been charged for a laptop I already returned. I need this corrected immediately as I need the money for my rent.,Finance Office,High
766,I'm trying to apply for graduation for next semester but the system says I'm missing a core credit that I'm currently taking.,Academic Office,Medium
3491,How can I apply for a student parking permit for the upcoming spring semester?,Administration,Low
2914,I found a student ID card on the sidewalk near the student union. Where should I drop it off?,Administration,Low
7776,How do I apply for the university's excellence award for student leadership?,Administration,Low
1505,"The payment portal is down for maintenance, but today is the final day to pay tuition without a $250 late fee.",Finance Office,High
8041,i want to know if there are any vegetarian options in the dining hall for dinner tonight.,Student Housing,Medium
8644,my graduation application is showing as 'rejected' due to a missing credit i completed last summer. graduation check is today.,Academic Office,High
3466,I would like to know the deadline for applying for a student research assistantship.,Academic Office,Low
7629,How can I verify if my application fee waiver has been approved? The portal still says 'Payment Pending'.,Admissions,Medium
935,i'd like to update my preferred name on my student id for the graduation ceremony. there is no rush for the physical card.,Administration,Low
8740,tuition seems okay but just checking balance,Finance Office,Low
1673,I noticed that the water in the dorm communal bathroom is very hot and it seems dangerous for the students.,Student Housing,Medium
5740,ventilation in dorm noisy occasionally,Student Housing,Medium
4114,The university's system for processing medical waivers for the meal plan is down and the deadline to avoid the charge is tonight.,Finance Office,High
3718,The digital repository for our final architecture projects is down. The projects are due in 4 hours and we can't upload.,Library,High
2015,I would like to know if the university has any policies regarding the use of AI tools in senior capstone projects.,Academic Office,Medium
8881,i am having trouble finding a research paper in the library's online database. can someone help me?,Library,Low
8816,The floor in my dorm bathroom is slippery.,Student Housing,Low
2477,I would like to report that the library's ceiling is sagging significantly above the main study desk after the heavy rain.,Library,High
7872,ventilation system noisy in dorm room,Student Housing,Medium
2258,i'm tryin to figure out how to get a student discount for the local bus pass. do i need a form from u guys? no rush.,Administration,Low
2435,The lock on my dorm room door is broken and i cannot get out. i have a medical appointment in 20 minutes from now.,Student Housing,High
2497,PLEASE HURRY THE PRINTER IS MAKING A LOUD GRINDING NOISE AND I NEED TO PRINT MY THESIS IN 5 MINUTES!!!!!!!,Library,Medium
6674,"I was overcharged $2,500 on my housing bill and I need that money back today to buy my required medical equipment for labs.",Finance Office,High
5949,locked out of dorm room late night no access,Student Housing,High
1588,OMGGGGG I FORGOT TO BRING MY STUDENT ID AND THE BUS IS COMING IN ONE HOUR CAN I GET A TEMP CARD RIGHT NOW PLS!!!!!!!!,IT Support,Medium
3246,"i missed the bus for the campus tour, can i reschedule for later today?",Admissions,Low
2,i lost my id card and i need it for my lab practical in 30 mins. please help!!,Administration,High
7225,"Dorm AC broken, very hot.",Student Housing,Medium
2294,assignment submission page doesn't confirm upload sometimes,Academic Office,Medium
6475,How can I get a copy of the university's grading policy for a project I'm working on?,Academic Office,Low
7968,"Login failed, MFA code never arrives.",IT Support,High
4484,Exam registration portal error persists.,Academic Office,Medium
221,i forgot to sign my housing contract and the deadline was an hour ago. am i going to lose my room?,Student Housing,High
6529,tuition invoice incorrect and must pay within 24 hours,Finance Office,High
4737,hey can u tell me if the finance office is hiring any student workers for the winter break? id like to apply.,Finance Office,Low
3223,My roommate is keeping a cat in our room which is against the housing policy and I am severely allergic.,Student Housing,Medium
2283,hi i lost my id card and i need to print my paper for class in like 20 mins thx.,Administration,Medium
1105,I am a graduating senior and my name is missing from the commencement list. The program goes to the printer today.,Administration,High
3644,"I'm being charged for a full semester of health insurance when I already have a waiver approved. I need this $1,500 charge removed today.",Finance Office,High
6433,Can I get a new student ID card if I want to change my photo? My current one is from four years ago.,Administration,Low
2999,I am an international student currently at the airport. My I-20 has an incorrect start date and the officer won't let me in. I need a new copy now.,Admissions,High
2302,The system for submitting letters of recommendation is down and the deadline is in three hours for my master's application. i am calm.,Admissions,High
2810,Official degree verification letter needed.,Administration,Medium
866,"Hi, I'm trying to find out when the final exam schedule for the fall semester will be posted.",Academic Office,Low
5939,I noticed that the light in the communal kitchen is out. It is very dark when preparing meals at night.,Student Housing,Medium
809,can u guys tell me if there is a student discount for the local cinema?,Admissions,Low
178,The university's portal for international student health records is rejecting my vaccine card. the deadline is tonight at midnight.,Admissions,High
1925,The towel bar in my dorm bathroom is missing.,Student Housing,Low
2139,I noticed an error in my student record. it says i am a junior when i am actually a senior student.,Admissions,Medium
5426,The WiFi in the North Quad is constantly dropping every 5 minutes. It's making it impossible to finish my online quiz.,IT Support,Medium
152,I'm having trouble with the heating in my room. It's too hot and I can't turn it down.,Student Housing,Medium
3438,"Dorm AC broken, room hot.",Student Housing,Medium
5770,library info on reserved book collection,Library,Low
2402,i think there is a typo in my middle name on the admissions portal but there is no rush to fix it.,Admissions,Low
7473,URGENT!!!!!! THE PRINTER IN THE LIBRARY IS OUT OF CYAN TONER AND I NEED TO PRINT MY COLOR POSTER FOR THE CLUB FAIR IN AN HOUR PLS HELP!!!!,Library,Low
5569,I'm having trouble understanding the prerequisites for the 'Advanced Machine Learning' course. The catalog is a bit confusing.,Academic Office,Low
8457,My student visa extension was denied and I need the university to provide a letter of support within 48 hours to appeal.,Admissions,High
6550,i just found out i'm missing one prerequisite for a core class i'm supposed to take next semester. what do i do?,Academic Office,Medium
1803,"Hi, I'm a prospective student. Can I schedule a tour of the engineering building for next Tuesday?",Admissions,Low
7113,wifi drops randomly during peak hours,IT Support,Medium
7470,I AM SO ANGRY!! THE SCHEDULING PORTAL SAYS MY FINAL EXAM IS ON SUNDAY AT 7AM!! IS THIS A JOKE?? PLEASE CONFIRM!!,Academic Office,Medium
6841,I'm looking for a list of all the different species of trees on campus. Is there an office that keeps a record of this?,Administration,Low
2644,I am unable to submit my housing application and the selection window for my group closes in 90 minutes. I am using a Chrome browser.,Student Housing,High
5907,I'm an international applicant and I can't find the link to pay the SEVIS fee in my portal.,Admissions,Medium
2273,I lost my room key and I'm worried someone might find it and enter my room. I need my lock changed.,Student Housing,High
1609,I'm having a hard time logging into the library's research portal with my student credentials. It keeps saying 'Unauthorized'.,Library,Medium
8308,The university's system for processing transcript requests is down and i need mine for my law school app due in four hours.,Academic Office,High
2359,application status still pending,Admissions,Medium
3263,info on optional academic tutorial sessions,Academic Office,Low
3552,OMGGGGG I THINK I FORGOT TO SIGN MY HOUSING CONTRACT AND THE DEADLINE WAS YESTERDAY AM I HOMELESS HELP ME!!!!!!!,Student Housing,Medium
4312,the vpn is down and i wanted to start my research for a project due next friday. i am very calm but let me know when it is back up.,IT Support,Medium
429,i need to drop a class but the system says i need a pin from my advisor. i can't reach my advisor.,Academic Office,Medium
1744,Portal crashed while submitting assignment.,IT Support,High
8160,i am an international student and my sevis record is about to be terminated because the university hasn't reported my arrival. today is the deadline.,Admissions,High
2116,admission portal not accepting confirmation before deadline,Admissions,High
8791,Are there any student discounts available for the local transit system? I'm commuting this semester.,Administration,Low
121,The library lift is stuck between floors. There are two people inside. Please send help immediately!!,Library,High
3723,dorm laundry usage info request,Student Housing,Low
241,"The student health insurance portal is not accepting my waiver and the $1,800 fee is due tonight. I have provided proof of private coverage twice.",Finance Office,High
1806,What is the procedure for suggesting a new book for the library's science fiction section?,Library,Low
2067,I AM SCREAMING BECAUSE I CANT FIND MY DORM ROOM AND IT IS COLD OUTSIDE AND I AM TIRED HELP ME NOW!!!!!!! PLS PLS PLS!!!!!,Student Housing,Low
5415,requesting info about admin contact points,Administration,Low
6598,My financial aid check was mailed to an address that doesn't exist. I have no money for food or rent.,Finance Office,High
1115,my roommate just collapsed and isn't breathing. we are on the 4th floor of harrison hall room 412. send an ambulance now!!,Student Housing,High
7582,i just found a suspicious person in the library. they don't look like a student and they're acting weird. please help!!!,Library,High
2660,i am calm but i need to report that my financial aid award has been canceled three hours before the tuition deadline.,Finance Office,High
1659,my graduation clearance is marked as 'failed' because of a missing administrative fee that i paid months ago. today is the final day to clear this for the ceremony.,Administration,High
8699,My graduation status is showing as 'Pending' despite completing all credits. Applications for my dream job close tomorrow and they need proof of degree.,Academic Office,High
5674,The lock on my dormitory door is jammed and I am currently unable to leave my room for my final exam starting in 15 minutes.,Student Housing,High
4752,I would like to request a copy of the university's policy on respectful workplace and learning environment.,Administration,Low
760,my roommate left for the weekend and took my keys by mistake. i am stuck in the hallway with no shoes. please send a locksmith.,Student Housing,High
3165,i'm trying to upload my health records for admission but the system keeps saying 'invalid format'. i'm using a pdf.,Admissions,Medium
562,system logs me out unexpectedly,IT Support,Medium
431,IT system password reset request not fully processed,IT Support,Medium
6059,My financial aid disbursement was canceled by mistake and I have an eviction notice for my off-campus apartment for tomorrow.,Finance Office,High
251,I noticed that the vending machine in the student union is out of bottled water. Can someone please refill it for us today?,Administration,Low
2353,my application for the master's program was rejected. can i appeal this decision?,Admissions,Medium
4373,How can I get a copy of the university's policy on academic honesty for a research paper?,Academic Office,Low
1388,my roommate is smoking in the room and i have severe asthma. i am currently having difficulty breathing and need to move rooms immediately.,Student Housing,High
84,"My graduation audit is showing that I am missing a core requirement, but I already took that class. Graduation is in two days and I need this cleared immediately today.",Academic Office,High
4211,I would like to request a copy of the university's policy on use of university resources.,Administration,Low
6307,can u tell me if the library has any books on the philosophy of science for my paper due next week? thx for the help.,Library,Low
6748,"Admissions docs deadline urgent, can't submit.",Admissions,High
37,admission portal status incorrect,Admissions,Medium
3016,Is there a designated area for students to practice origami in the academic office building lobby?,Academic Office,Low
7189,Is there a specific policy regarding the color of curtains students are allowed to hang in the residence halls for next fall?,Student Housing,Low
2776,The fire sprinkler in room 302 is currently leaking onto my bed and electronics. This requires immediate attention.,Student Housing,High
301,i want to apply for a student job in the admin office but the 'Apply' button is leading to a 404 error page.,Administration,Medium
5815,exam timetable missing one subject,Academic Office,Medium
2404,i'm havign trouble with the online submission portal for my history class. it's not due until friday but the 'upload' button isn't appearing for me.,IT Support,Medium
1276,I am unable to submit my final application for the study abroad program. The 'Submit' button is greyed out and the deadline is tonight at midnight.,Admissions,High
3407,how do i request a replacement for my student id card if it's just cracked but still works fine for the bus? no hurry.,Administration,Low
5471,payment declined and course registration blocked immediately,Finance Office,High
2088,Deadline for admissions doc submission is today and I can't upload.,Admissions,High
3641,WHY IS THE LIBRARY SO COLD???? I AM FREEZING MY LITERALLY EVERYTHING OFF HELP!!!!!!!,Library,Low
3219,i'm havign trouble with the printer in the library; it's making a loud grinding noise and not printing anything for me.,Library,Medium
3270,There is a significant amount of water pooling near the electrical panel in the basement of Harrison Hall. It looks like a pipe might be leaking directly onto the wires.,Student Housing,High
2839,"i want to apply for a parking spot for the winter 2027 semester, is the form available yet? pls let me know.",Administration,Low
7819,is there a way to see my unofficial transcript from five years ago? i'm just curious about my old grades from freshman year.,Academic Office,Low
392,I would like to request a new light bulb for my dorm room because mine is burnt out.,Student Housing,Low
2397,I am a prospective student and I'm confused about the application requirements for the business program.,Admissions,Low
8598,pls provide general admin FAQ info,Administration,Low
6570,I am being charged out-of-state tuition despite my residency status being approved. The deadline to pay is tomorrow morning.,Finance Office,High
6580,Can students request a custom-colored student id card for an extra fee in the year 2028?,Administration,Low
4052,when are final exams scheduled?,Academic Office,Low
8416,The blinds in my dorm room are broken.,Student Housing,Low
4626,URGENT PLEASE I NEED TO KNOW IF I CAN BRING MY DOG TO THE ADMISSIONS TOUR PLS PLS PLS RESPOND!!!!!!,Admissions,Low
141,i want to know the hours of the university's bookstore. are they open on saturdays for merchandise returns?,Administration,Low
237,I'm having trouble with the citations on my bibliography. Could someone from the research desk help me with APA style later this week?,Library,Medium
1036,I need to confirm if my 'Intent to Enroll' was processed correctly. I haven't received a confirmation email yet.,Admissions,Medium
2749,I'm having trouble with the library's online search for architectural drawings and blueprints.,Library,Low
6914,URGENT: I have been deregistered from all my courses 24 hours before the semester starts. I need to be reinstated for my visa status.,Academic Office,High
813,I missed the deadline to apply for graduation. Is there any way I can still walk in the ceremony next month?,Academic Office,Medium
2996,i'm having trouble with the library's wifi. it keeps disconnecting every 5 minutes.,IT Support,Medium
464,I am an international student and my visa documents have not arrived. My flight is scheduled for 48 hours from now. I need the documents today.,Admissions,High
145,Someone is smoking in the non-smoking dorm area. It's making it hard for me to breathe with my asthma.,Student Housing,High
1883,Can I pay my tuition with a wire transfer from an international bank?,Finance Office,Medium
168,transcript request stuck in pending for longer than expected,Administration,Medium
1868,missing admission confirmation before payment deadline,Admissions,High
3087,I received a letter saying I owe money for a library book I returned weeks ago.,Library,Medium
5935,i'm tryin to figure out how to get a refund for my parking permit since i sold my car.,Finance Office,Medium
1130,I CANT FIND MY STUDENT ID CARD AND I HAVE AN EXAM IN TWO DAYS!!!!!!,IT Support,Low
2523,I am a prospective student and I'm confused about the application requirements for the music program.,Admissions,Low
4092,I am unable to access the MFA for my student email and I have a remote proctored final exam starting in 15 minutes. This is a critical system failure.,IT Support,High
4643,Good evening. I am unable to access the online portal for my final exam which is currently ongoing. I have 30 minutes remaining.,IT Support,High
5118,refund amount looks slightly off,Finance Office,Medium
5282,I noticed that the vending machine in the student union is out of bottled water. Can someone refill it?,Administration,Low
3646,I'm having trouble with the air conditioning in the computer lab. It's very cold.,IT Support,Low
4719,The admissions portal is returning an 'Internal Server Error' on the final day of scholarship submissions. I have 4 hours left.,IT Support,High
3674,I would like to know the policy for using a bicycle on the university campus.,Administration,Low
5363,idk how to cite a tweet in apa style for my paper. is there a guide for this?,Library,Low
4329,i missed the tuition deadline because of a death in the family and i am being charged $500 in late fees. please waive it today.,Finance Office,High
7328,I am writing to request a copy of the itemized bill for the Spring semester for my parents' tax records.,Finance Office,Medium
204,i want to know if i can take a placement test for spanish or if i have to start at level 1.,Academic Office,Medium
2756,the main power in the dormitory east wing just failed. multiple students are currently trapped in the lift.,Student Housing,High
4189,dashboard takes long to load grades,IT Support,Medium
8293,laundry room timings?,Student Housing,Low
1788,I'm having trouble with the university email on my iphone. it keeps asking for a password even though i put the right one in.,IT Support,Low
6338,student ID reissue taking longer than expected,Administration,Medium
1485,The university's system for processing graduation clearances is down and i need my verification for a job starting tomorrow morning at 9am. i am calm.,Administration,High
3085,I would like to inquire about the hours for the writing center.,Academic Office,Low
7447,I found a massive leak in the roof of the server room. Water is dripping directly onto the main campus switch.,IT Support,High
513,The portal for study abroad applications is showing a database connection error for all students today. deadline is today.,Admissions,High
5640,I am stuck in the elevator in Building C and the emergency phone is not working. Please send help immediately.,Student Housing,High
876,administration office ID card issuance delayed,Administration,Medium
3196,someone is stealing laptops from the quiet study area right now. i am watching them put three macbooks into a bag.,Library,High
3924,my student email account has been compromised and someone is sending phishing links. please lock it immediately before my prof sees.,IT Support,High
7528,pls verify ID card details for update,Administration,Low
6031,I AM SCREAMING AT MY PHONE BECAUSE I DONT KNOW IF THE ACADEMIC OFFICE HAS AUTOMATIC STAPLERS!!!!,Academic Office,Low
801,door stuck cant enter room tonight,Student Housing,High
3997,i'm having trouble with the university's email on my android phone. it is not syncing messages.,IT Support,Medium
4427,"Login failed, MFA missing again.",IT Support,High
1204,How can I get a replacement for my lost student ID card? I need it for my meal plan.,Administration,Medium
1144,What is the process for withdrawing from all my classes for the semester?,Academic Office,Medium
5720,"The bursar's office is showing a $1,000 late fee on my account even though i paid my tuition three days early. registration is today.",Finance Office,High
7892,library overdue fine calculation seems inconsistent,Library,Medium
1672,Are there any student positions available at the campus cafeteria for the winter break?,Administration,Low
5538,i missed my final exam because the university system gave me the wrong room number on my schedule. i need a retake today.,Academic Office,High
4113,I would like to request an extension for my graduation application deadline.,Academic Office,Medium
259,i am calm but my name is completely misspelled on the official graduation list and the programs go to print in two hours.,Administration,High
2759,I am writing to inform you that my final dissertation file will not upload to the repository. The submission window closes in exactly one hour.,IT Support,High
8675,The radiator in my dorm room is leaking steam.,Student Housing,High
7994,My tuition payment is showing as 'rejected' even though I have the funds. Registration for my grad classes closes tomorrow morning.,Finance Office,High
6081,student ID rejected at exam hall entrance,Administration,High
1181,"Refund request stuck, portal error.",Finance Office,High
1059,can i defer my admission?,Admissions,Low
4968,I'm having trouble with the online portal for my student library room reservation account.,Library,Low
1096,Can I get a list of all the student organizations that are focused on student political engagement?,Administration,Low
1395,the university's vaccination portal is not accepting my documents and i will be barred from all campus buildings in 24 hours.,Administration,High
1515,I need help with my application for a student scholarship for students in the engineering and physical sciences.,Finance Office,Low
2354,I NEED AN ANSWER NOW!! I SUBMITTED MY MAJOR CHANGE FORM TWO WEEKS AGO AND IT STILL SAYS 'PENDING'!! WHAT IS THE PROBLEM??,Academic Office,Medium
288,How do I request a replacement for my lost university id card?,Administration,Low
2956,The ceiling in my dorm room is leaking and it's getting my laptop wet. Please send someone to fix it immediately.,Student Housing,High
8063,id like to change my major from bio to psych but im not sure what the form name is. no rush.,Academic Office,Low
5888,i want to apply for a student job in the library. where can i find the link for the application?,Library,Low
1350,Tuition overcharge refund not processed.,Finance Office,High
5324,I noticed an error in my transcript. it says i'm still in my first year when i'm actually a senior.,Admissions,High
8361,The portal for study abroad applications is showing a database connection error for all students today. The deadline is in 2 hours.,Admissions,High
7982,pls provide general guidance on admin forms and requests,Administration,Low
4255,application docs missing just before deadline,Admissions,High
6491,Does the student health insurance cover dental cleanings or just emergencies?,Finance Office,Low
2812,Dorm heater broken.,Student Housing,Medium
2428,My roommate is being very loud and I can't study. Can someone talk to them?,Student Housing,Medium
5038,I am having trouble logging into my student email. It keeps redirecting me to the password reset page in a loop.,IT Support,Medium
8621,i need my transcript for a government job offer that expires tomorrow at 5pm. the online request system is failing.,Administration,High
7827,I would like to know if there are any student volunteer opportunities for the upcoming alumni weekend.,Administration,Low
5020,need official transcript for scholarship,Administration,Low
7248,I'M FREAKING OUT BECAUSE I CANT FIND THE LINK TO THE VIRTUAL CAMPUS TOUR AND I PROMISED MY GRANDMA WE WOULD WATCH IT!!!!!,Admissions,Low
8547,The server that hosts my final project website is down and the project is due in two hours. I need this fixed immediately.,IT Support,High
1218,My scholarship was not applied to my student account and I have a registration hold. Tuition is due tomorrow at 5 PM.,Finance Office,High
1794,idk how to check the hours for the student health center. is it open on saturdays? i need to get some medicine.,Admissions,Low
7560,I am an international student and I'm confused about the health insurance waiver requirements.,Administration,Medium
4045,How can I check the status of my work-study application?,Finance Office,Low
1585,I NEED TO KNOW IF MY TRANSCRIPT WAS SENT TO HARVARD YET PLS RESPOND ASAP I AM PANICKING!!!!!!!!!,Academic Office,Medium
2697,how to request general admin certificates,Administration,Low
7262,The tiles in my dorm bathroom are cracked.,Student Housing,Low
5199,I'M LOSING MY MIND!! MY ACCOUNT IS LOCKED BECAUSE I TRIED MY PASSWORD TOO MANY TIMES AND I HAVE A SUBMISSION DUE AT MIDNIGHT!!,IT Support,Medium
5052,my student id card is not working at the gate and my car is trapped inside the lot. i have an emergency appointment in 20 minutes.,Administration,High
872,I need to appeal a library fine of $5.00. I was sick the day the book was due.,Library,Medium
988,I'm experiencing an issue where my student ID card isn't working for meal swipes.,Administration,Medium
4856,I noticed that the water in the dorm communal bathroom is very cold and the heater seems to be broken.,Student Housing,Medium
815,sos my computer just blue screened and i didnt save my 20 page report which is due at noon today.,IT Support,Medium
312,I found a massive crack in the ceiling of my dorm room and pieces of plaster are falling on my bed.,Student Housing,High
3932,how do i request a copy of my unofficial transcript from the student portal? i just want to see my gpa. thx.,Academic Office,Low
591,The university's system for submitted doctoral dissertation abstracts is down and the deadline for graduation is in 3 hours. i am calm.,Administration,High
7615,system crashed mid submission right before deadline,IT Support,High
664,HELP ME PLEASE I CANT FIND MY LAB COAT AND LAB STARTS IN FIVE MINUTES I AM PANICKING!!!!!!,Academic Office,Low
2940,I would like to inquire about the status of my student refund. It's been several weeks since it was processed through the system.,Finance Office,Medium
3740,where do i go to pick up my cap and gown for graduation?,Academic Office,Low
6999,urgent certificate needed today for embassy submission,Administration,High
103,what are dorm quiet hours?,Student Housing,Low
4958,idk how to check the balance on my student id card for laundry. is there a website for that? thx.,Administration,Low
519,The system is blocking me from registering for the only available section of my capstone because of a prerequisite I already took.,Academic Office,High
78,The communal kitchen fridge in the East Dorm is leaking water from the bottom onto the tile floor.,Student Housing,Medium
5232,library digital catalog help request,Library,Low
4661,tuition portal down and payment deadline is today,Finance Office,High
2086,Can I get a student discount on a new Apple laptop through the university?,IT Support,Low
2095,i want to know the deadline for adding a class for the spring semester.,Academic Office,Low
8426,dorm mailroom operating hours inquiry,Student Housing,Low
5031,URGENT!!!!! I NEED TO KNOW IF THE LIBRARY HAS ANY EXTRA COPIES OF THE TEXTBOOK FOR BIO 101 PLS HELP ME!!!!!!!,Library,Low
1724,forgot password but reset email delayed,IT Support,Medium
2156,I need help with my application for a student grant for research in the natural and humanities sciences.,Academic Office,Low
6805,payment failed and enrollment blocked immediately,Finance Office,High
228,I am getting an error message when trying to log into the university wifi from my android phone.,IT Support,Medium
636,how do i get a library card for my younger brother who is visiting?,Library,Low
4306,I would like to appeal a grade I received on my final exam.,Academic Office,Medium
3254,I noticed that the printer in the computer lab is out of toner. Can someone replace the cartridge?,IT Support,Low
6629,my dorm ID card won't open the main door and it's -10 degrees outside. i have been waiting for an hour and i'm freezing.,Student Housing,High
1567,I am an international student and I'm confused about the tuition payment options for international banks.,Finance Office,Medium
4005,grade portal error before submission deadline tonight,Academic Office,High
1278,I am having trouble logging into the student portal. It says my account is disabled but I haven't done anything wrong.,IT Support,High
5947,i have a job offer that expires at 5pm today if i dont prove i finished my degree. the portal says i'm 'inactive'.,Academic Office,High
4310,I would like to know if there are any vegetarian options in the dining hall.,Student Housing,Low
3795,I'm having trouble with the library's online search for scientific data and research findings.,Library,Low
1599,I was just informed my housing for the semester is canceled 12 hours before move-in. I have nowhere to stay tonight.,Student Housing,High
7017,I'm having trouble with the library's online portal for access to academic journals from international publishers.,Library,Low
2268,I am having trouble logging in to the university's VPN from my home network.,IT Support,Medium
7362,I noticed that the vending machine in the basement of building B is out of snacks. When will it be restocked by the university vendor?,Student Housing,Low
1085,I noticed that the vending machine in the student lounge is out of water. When will it be refilled?,Administration,Low
4473,SOS!!!! I DROPPED MY ID CARD IN THE TRASH AND THE GARBAGE TRUCK JUST TOOK IT I CANT GET INTO THE DINING HALL HELP NOW!!!!!,Administration,Medium
1575,my student id card was hacked and now my meal plan balance is $0. i need this investigated and restored before the dining hall closes.,Administration,High
2559,my transcript shows a 'fail' for a course i never even registered for. i am very calm about this but it needs to be fixed before graduation clearance tomorrow morning.,Academic Office,High
3567,I would like to know the deadline for applying for a student research grant for the winter break.,Academic Office,Low
8560,I need my official diploma copy for an international job start date on Monday. Please expedite processing.,Administration,High
47,i'm having trouble with the university's printer. it's not recognizing my student id card when i tap it on the sensor.,IT Support,Medium
2664,I am an international student and my I-20 has been lost by the campus mail room. I leave for my visa interview tomorrow morning.,Admissions,High
5647,hi can someone tell me if the student gym has towels or if i need to bring my own? thanks for the help.,Administration,Low
4603,official document has spacing inconsistency,Administration,Medium
3206,I am having trouble with the online payment system for the university tuition. It keeps giving me a generic server error message.,Finance Office,Medium
529,Could someone please help me find the current edition of the APA citation guide in the library?,Library,Low
1728,fee adjustment request still pending review,Finance Office,Medium
7327,When is the deadline to drop a class without a 'W' on my transcript?,Academic Office,Low
7044,I was unable to attend my midterm today because my car broke down on the way to campus. I have a towing receipt.,Academic Office,High
885,i want to apply for the summer internship program but the link is broken. could you provide the correct url?,Academic Office,Medium
7943,i am a veteran and my GI Bill payment hasn't arrived. the school is threatening to cancel my registration tonight.,Finance Office,High
2528,The power in my dorm room is out and I need to study for a midterm that is tomorrow morning. Please send someone to fix it immediately.,Student Housing,High
555,"Refund request not processed, portal error.",Finance Office,High
3753,The bursar's office has charged me $500 for a meal plan that i never signed up for. i need this corrected tonight at 5pm. i am calm.,Finance Office,High
4104,I need to know the deadline for applying for a student research grant for the summer term.,Academic Office,Low
6042,I am a graduating senior and my name is missing from the final commencement list sent out today. I need this corrected immediately.,Administration,High
5295,"I forgot to upload a required document for admissions, deadline is tomorrow.",Admissions,High
3867,academic office optional course registration partially processed,Academic Office,Medium
6380,There is a very loud whistling noise coming from the air conditioning unit in my room. It's making it impossible to study.,Student Housing,Medium
8392,"Exam portal glitch, can't register.",Academic Office,High
2271,HELP!!!! I ACCIDENTALLY DELETED MY ADMISSIONS ESSAY AND I NEED TO SUBMIT IT BY MIDNIGHT!!!!!,Admissions,Medium
2054,I would like to request a copy of my high school transcript from my admission file.,Admissions,Low
7035,wifi slow in evenings,IT Support,Medium
4796,"My loan disbursement was delayed, and I am being charged a late fee of $100 per day. I need this hold lifted to register.",Finance Office,High
6670,the main archival room is currently at 95 degrees due to an HVAC failure. the historic documents are warping.,Library,High
4185,The water pressure in the showers on the third floor of West Dorm is extremely low today. It's barely a trickle.,Student Housing,Medium
1345,The elevator in East Dorm is making a very high-pitched squealing noise every time it moves between floors.,Student Housing,Medium
52,The university's Wi-Fi is down across campus and I have an online midterm that starts in 10 minutes. Please fix it now!,IT Support,High
4074,I missed the deadline to submit my high school transcripts by 15 minutes. Can you please unlock the portal so I can upload them now?,Admissions,High
5229,The lock on my dorm room window is broken and anyone could climb in from the fire escape. i need this fixed immediately.,Student Housing,High
4780,dorm heating adjustment request,Student Housing,Medium
1211,i just found a suspicious person in the dormitory hallway. they don't look like a student and they're acting weird. please help!!!,Student Housing,High
4537,vpn connection unstable sometimes,IT Support,Medium
1631,I need help with my application for a student scholarship for students in the arts and humanities.,Finance Office,Low
2941,How do I sign up for the university's emergency alert system for my phone?,Administration,Low
214,the main power grid to the health clinic has failed and they are trying to preserve temperature-sensitive vaccines.,Administration,High
509,uploaded documents still marked as pending,Admissions,Medium
5218,I NEED TO KNOW MY GPA IMMEDIATELY OR I WILL LOSE MY MIND PLS REPLY ASAP!!!!,Academic Office,Low
6962,academic office info on optional study groups,Academic Office,Low
8471,how do i request a replacement student id card if it's just cracked but still works for the library?,Administration,Low
1648,i was just dropped from all my classes because of a $10 processing fee i didn't know about. today is the final day to re-enroll.,Finance Office,High
1425,How do I apply for the university's award for excellence in student academic leadership and service?,Academic Office,Low
2030,I am unable to submit my thesis. The site keeps giving an Error 500 and the deadline is in 45 minutes.,IT Support,High
381,my tuition payment was rejected and the portal says i will be dropped from all my classes if it is not resolved by 5pm today. i am very calm but i need assistance.,Finance Office,High
4777,i lost my room key and its 3am im freezing outside my dorm plz someone let me in.,Student Housing,High
3494,I noticed an error in my student record. It says I am a junior when I am actually a senior.,Administration,Medium
1372,There's a strange smell coming from the air vents in the administration building. It smells like something is burning.,Administration,High
3628,I need help with my application for a student grant for research in the social and natural sciences.,Academic Office,Low
714,I would like to request a change of my dorm room for the second semester. I am not getting along with my current roommate.,Student Housing,Medium
5550,My I-20 was mailed to the wrong country by mistake. I have my visa interview in 48 hours and I need the physical document.,Admissions,High
8583,"my son is a prospective student and his application fee was charged twice, and now our joint account is overdrawn. we need a refund today.",Admissions,High
1149,URGENT!!!!! I NEED TO KNOW IF THE LIBRARY HAS ANY EXTRA COPIES OF THE TEXTBOOK FOR BIO 101 PLS HELP ME RIGHT NOW!!!!!!!,Library,Low
8803,i noticed a typo on page 42 of the student handbook. who should i notify about this non-urgent error?,Administration,Low
1959,Is there a microwave available for student use in the Science building?,Administration,Low
102,"I received an email saying I was withdrawn from my classes due to non-payment, but I have a full scholarship. I have a midterm tomorrow morning.",Finance Office,High
2651,i want to apply for a scholarship but the link is broken on the admissions page.,Admissions,Medium
2251,I would like to request a copy of the university's policy on digital storage and security.,IT Support,Low
2380,The bursar's office placed a hold on my account for a payment I already made. I am being blocked from registering for my final core class.,Finance Office,High
1867,hey can u tell me if the library has any group study rooms that i can book for tomorrow morning at 9am? i have a group project.,Library,Medium
1593,The university's system for uploading letters of recommendation is down and the deadline for my application is in three hours.,Admissions,High
3452,i'm a prospective student and i want to know more about the computer science program. can i talk to a professor?,Admissions,Low
1590,I would like to request a copy of the university's policy on wireless network use and security.,IT Support,Low
671,I need help with my application for a student grant for artistic projects.,Academic Office,Low
546,recent payment not updated in history,Finance Office,Medium
8552,finance office tuition adjustment for international fee,Finance Office,Medium
4289,fee waiver not reflected yet,Finance Office,Medium
4318,There is a significant water leak in the server room on the 4th floor. Water is dripping onto the main network switches.,IT Support,High
2765,"My graduation audit is showing that I am missing a core requirement, but I already took that class. Graduation is in two days and I need this cleared right now.",Academic Office,High
8876,Admissions portal submission error.,Admissions,High
4518,my student id card just stopped working and i have a mandatory proctored exam starting in 20 minutes. i am currently standing outside the testing center.,Administration,High
2611,academic calendar update request,Academic Office,Medium
4747,"hi, do u guys have a list of all the wifi network names across the whole campus? just for my records.",IT Support,Low
1195,"the wifi in the student lounge is fine, but it doesn't work at all in the private study carrels at the back.",IT Support,Medium
8532,I'm having trouble with the air conditioning in the student housing office. It's very cold.,Student Housing,Low
5562,The main water line in the dormitory has burst and multiple rooms are being flooded right now. We need an emergency plumber.,Student Housing,High
5215,The university's web portal for international student visa tracking is down and i need to upload my travel documents for my flight in 24 hours.,Admissions,High
599,The university's system for processing transcript requests is down and i need mine for my job application due in 3 hours. i need help now.,Academic Office,High
697,Library self-checkout machine jammed.,Library,Medium
2149,one assignment grade missing from results,Academic Office,Medium
1393,tuition portal discrepancy inquiry,Finance Office,Medium
1809,portal error stops assignment upload due soon,IT Support,High
4753,My room in West Hall is currently flooding because the radiator pipe just burst. There is an inch of water on the floor already.,Student Housing,High
2636,"I'm writing to report that my final capstone project submission link has disappeared from the portal, and the deadline is in three hours. I have my project ready.",IT Support,High
5940,vpn disconnects randomly,IT Support,Medium
360,PLEASE HELP ME I THINK I LEFT MY GLASSES IN THE LIBRARY AND I CANT SEE ANYTHING TO STUDY PLS PLS PLS!!!!!,Library,Medium
7400,I need to know the deadline for submitting my application for the honors program. Is it this Friday?,Admissions,Low
1088,AC in my dorm is not cooling at all.,Student Housing,Medium
2946,There is a violent altercation happening in the library lobby right now. Security is not on site. Please send help.,Library,High
1420,Are there any student positions available at the campus IT help desk for the upcoming spring semester?,IT Support,Low
8172,The Wi-Fi in the library basement is non-existent. I need to be able to work down there for my thesis research.,IT Support,Medium
5483,IT portal showing incomplete enrollment info,IT Support,Medium
6425,"I am calm, but there is a strange man standing in the restricted access dormitory stairwell who does not have a badge.",Student Housing,High
4323,refund amount seems incorrect slightly,Finance Office,Medium
1582,application form fails to save changes intermittently,Admissions,Medium
459,Are there any student positions available at the campus coffee shop for the fall semester?,Administration,Low
6113,Can I pay my tuition in installments instead of a lump sum? I am struggling with finances this month.,Finance Office,Low
1113,my application was rejected but i think there was a mistake with my sat scores. can you re-evaluate?,Admissions,Medium
3313,I am having trouble connecting my phone to the university's wifi. It's giving me a 'network error' message.,IT Support,Medium
1958,I am calm but my scholarship disbursement is late and i am being threatened with a late fee of $1000 today at 5pm.,Finance Office,High
7671,I'm writing to request a course overload of 21 credits for the upcoming semester. I have a 3.8 GPA and need the classes to graduate on time.,Academic Office,Medium
6714,tuition not showing paid and deadline passed today,Finance Office,High
3786,"Admissions portal errors, can't submit docs.",Admissions,High
936,The admissions portal is down for maintenance but my application is due at midnight and I haven't submitted my documents yet.,Admissions,High
2721,I have been trying to reach my advisor for two weeks regarding my graduation audit and have received no response.,Academic Office,Medium
2125,The drain in my dorm's communal bathroom is partially clogged and water is starting to pool during peak hours.,Student Housing,Medium
6124,i want to know the hours of the university's bookstore. are they open on saturdays for textbook returns?,Administration,Low
122,The library's online database is not working. It keeps giving a 'database error'.,Library,Medium
2446,my application to the nursing program is missing the clinical hours form which is due by 5pm today.,Admissions,High
3050,"My major was changed in the system without my request, and now all my classes are being dropped. I need this fixed today.",Academic Office,High
7883,I am a prospective student. Can I schedule a tour for next Wednesday?,Admissions,Low
2556,I would like to know if there are any job openings at the library for students.,Library,Low
6673,I would like to request a copy of the university's tobacco-free policy.,Administration,Low
6077,application timeline unclear after submission,Admissions,Medium
4246,the fire alarm in my dorm building is not working and there is smoke in the hallway.,Student Housing,High
3352,pls provide info on general admin policies,Administration,Low
6516,I am an international student and I'm having trouble with the travel authorization on my I-20. I need it signed by tomorrow to catch my flight.,Admissions,High
6820,The plagiarism checker is stuck on 'processing' and won't let me submit. Deadline is 11:59 PM tonight.,IT Support,High
6180,"Hello, I am reporting that the main gate to the student parking lot is not opening for any student IDs.",Administration,Medium
1317,I would like to request a copy of the university's policy on student leadership from the administration office.,Administration,Low
6988,The mirror frame in my dorm bathroom is broken.,Student Housing,Low
2042,I'm having trouble with the heating in the dorm lounge. It's very hot.,Student Housing,Low
1016,URGENT!!!!! I ACCIDENTALLY SENT AN EMAIL TO THE WRONG PROFESSOR CAN YOU DELETE IT FOR ME PLS PLS PLS!!!!!!!,IT Support,Low
8956,my financial aid package was reduced because of a typo in my record. i need to appeal this tonight at the latest.,Finance Office,High
5998,general info on admin office telephone contacts,Administration,Low
18,I would like to inquire about the potential for a scholarship extension for the upcoming winter semester. Thank you.,Finance Office,Low
7800,I am receiving an 'Access Denied' error when trying to access the JSTOR database from my off-campus residence.,Library,Medium
5817,The university's portal for international student visa tracking is down and i need to upload my travel documents for my flight in 24 hours.,Admissions,High
6612,The system for processing scholarship renewals is returning a database error on the final day of the application cycle. i am very calm.,Finance Office,High
8382,portal slow when uploading files,IT Support,Medium
4694,Tuition portal stuck while paying fees.,Finance Office,High
3667,official letter formatting not as expected,Administration,Medium
3954,sink dripping continuously in dorm bathroom,Student Housing,Medium
4274,exam registration not submitting and closes soon,Academic Office,High
2172,Admissions portal submission failing.,Admissions,High
1069,i'm tryin to figure out how to get a student discount for the local coffee shop. do i need a card?,Admissions,Low
1031,my application fee was charged twice on my credit card. id like to request a refund for the extra $50.,Finance Office,Medium
8509,i would like to request an extension on my housing deposit. i am waiting for a bank transfer from my parents.,Student Housing,Medium
5439,academic office info on optional tutoring sessions,Academic Office,Low
1833,finance office tuition fee verification partially done,Finance Office,Medium
7326,I'm having trouble with the online portal for my student learning management system (LMS) account.,IT Support,Medium
4763,I noticed that the library website is very slow today and I can't access any of the online research databases for my project.,Library,Medium
913,i just got an email saying i owe 2000 dollars but i already paid last week?? check this pls.,Finance Office,Medium
4108,I'm having trouble with the online registration for my fall classes. it keeps saying i have a hold for a library book i returned.,IT Support,Medium
5797,The library website is leaking student social security numbers in the search URL. This is a massive data breach.,Library,High
2453,The student portal is allowing me to register for classes that overlap in time. Is this a system bug?,IT Support,Medium
4178,I noticed that the vending machine in the basement of building A is out of snacks.,Student Housing,Low
6280,"I am unable to pay my graduation fee because of a system error, and today is the last day to be included in the ceremony.",Finance Office,High
4404,I would like to know the deadline to register for classes for the fall semester.,Academic Office,Low
7951,"hi, i need a copy of my unofficial transcript but the 'Download' link in the student center is just reloading the page.",IT Support,Medium
4594,The lock on my dorm room window is broken and anyone could climb in from the fire escape. i need this fixed before i sleep tonight.,Student Housing,High
3205,The ceiling in the dormitory lobby is falling down and there is a lot of dust and debris everywhere. we need help immediately.,Student Housing,High
67,I need to know if the library has any copies of 'Advanced Macroeconomics' available for 2-hour reserve.,Library,Low
1995,"The scholarship funds have not been applied to my account, and the late fee of $150 will be charged in six hours. i am calm.",Finance Office,High
3502,Is there a way to request an extension on the library book I have? It's already overdue but I still need it for my project.,Library,Medium
450,i forgot to include my middle name on my application. does that matter?,Admissions,Low
192,I AM FREAKING OUT BECAUSE I CANT FIND THE LINK TO MY ONLINE EXAM AND IT STARTS IN TWO MINUTES HELP ME NOW!!!!!!!,IT Support,High
1386,my financial aid disbursement is late and i don't have enough money for food. i need to know when it will be processed.,Finance Office,High
4860,How can I get a copy of the university's policy for student organizations for a class project?,Administration,Low
905,Exam registration portal glitch.,Academic Office,Medium
6513,MY PARENTS ARE GOING TO KILL ME!! THE SYSTEM SAYS I HAVE A FINANCIAL HOLD BUT I ALREADY PAID EVERYTHING!! PLEASE FIX IT NOW!!,Finance Office,Medium
5712,i paid for my on-campus housing but i just got an email saying i don't have a room and i should find somewhere else to live tonight.,Student Housing,High
4314,assignment submission page does not confirm upload,Academic Office,Medium
5670,Is there a way to reserve a study room for three people on Tuesday afternoon?,Library,Low
401,how to submit general admin inquiries,Administration,Low
1336,I mistakenly paid my tuition twice and now my bank account is overdrawn. I need a refund processed immediately as I cannot afford groceries.,Finance Office,High
2930,I'm interested in the honors program. What are the requirements?,Academic Office,Low
3951,There is an active fire in the trash chute of the East Residence Hall. We are evacuating now.,Student Housing,High
45,I noticed that the light in the computer lab is flickering and it is very distracting.,IT Support,Low
79,My financial aid package was just reduced because of a mistake in my application. I need to get this fixed before my tuition is due tomorrow.,Finance Office,High
4280,room door stuck cannot enter dorm tonight,Student Housing,High
2026,"my tuition payment of $10,000 was sent to the wrong university account and the deadline is today.",Finance Office,High
6377,"I have a hold on my account for a $0.50 library fine, but it’s preventing me from registering for my last class. Registration ends in 2 hours.",Finance Office,High
1735,acceptance confirmation missing but deposit deadline today,Admissions,High
220,"The bursar's office is showing a $2,000 balance for my account for a class i dropped. tuition is due today at 5pm sharp.",Finance Office,High
1244,urgent letter needed today for legal purpose,Administration,High
965,i need to withdraw from all my classes due to a family emergency. today is the last day for a partial refund.,Academic Office,High
2714,I'm having trouble with the air conditioning in the student library. It's very hot.,Library,Low
2109,dorm ventilation not consistent,Student Housing,Medium
7088,"Tuition portal freezing, can't pay.",Finance Office,High
631,I NEED TO CHANGE MY MEAL PLAN IMMEDIATELY!!!!!!!!!! I HATE THE FOOD IN THE DINING HALL PLEASE HELP ME NOW!!!!!!!,Student Housing,Low
6619,"Tuition payment stuck, portal freezing during submission.",Finance Office,High
3238,Does the admissions office offer any virtual information sessions for prospective transfer students?,Admissions,Low
6572,I'm looking for a quiet place to study on campus. Does the library have any individual study carrels?,Library,Low
7633,I missed the deadline to drop a class without a 'W' by two days. Is there any way to appeal this due to a medical emergency?,Academic Office,Medium
8125,Does the library offer any workshops on how to use Mendeley or Zotero for research citations?,Library,Low
2788,Exam registration page issues.,Academic Office,Medium
2974,I am an international student and I'm confused about the health insurance waiver process and the specific deadlines for the fall.,Administration,Medium
6212,I would like to request a copy of the university's policy on student organizations from the administration office.,Administration,Low
446,network outage during timed test submission,IT Support,High
2431,my financial aid disbursement is missing and i am about to be evicted from my apartment because i can't pay rent.,Finance Office,High
2595,course page loads inconsistently,Academic Office,Medium
8135,payment processed but page didnt update,Finance Office,Medium
928,i'm trying to use the library's online database but it's asking for a login. what is my login?,Library,Medium
2331,Does the library have a copy of the textbook for 'Introduction to Economics'? I can't afford to buy it.,Library,Low
7904,HELP MEEEEE I NEED TO KNOW IF THE LIBRARY HAS ANY COFFEE RIGHT NOW I AM LITERALLY SO TIRED PLEEEEASE!!!!!,Library,Low
3607,My roommate has been smoking in our room and it's triggering my asthma. I need to move immediately.,Student Housing,High
3080,hey can u tell me if the library has any copies of the book 'the odyssey' for my class tomorrow morning at 8am?,Library,Medium
638,idk how to check the hours for the student health center. is it open on saturdays? help me out pls?,Admissions,Low
6172,the vpn is down and i need it to access the research database for my dissertation defense which is in 3 hours.,IT Support,High
4653,my computer keeps freezing when i try to open the university's custom software for my engineering class.,IT Support,Medium
1914,I am an international student and my visa status report to the government is due today. The university system has the wrong dates.,Administration,High
1049,The student portal for financial aid is displaying a 'system failure' message on the final day of scholarship acceptance. I am worried about my funding.,Finance Office,High
3047,portal seems slow for uploads,IT Support,Medium
2060,i'm having trouble with the university's email on my phone it's not syncing any of my new messages since the update yesterday.,IT Support,Medium
1189,"I noticed a small crack in my window. It doesn't seem dangerous yet, but it should be replaced.",Student Housing,Low
7285,HEY!!!!! MY GRADE IN ART 101 IS A B+ BUT I DESERVE AN A- PLS CHANGE IT NOW I AM SO STRESSED!!!!!!!,Academic Office,Low
2206,i want to reserve a study room for a group project next week. how do i do that?,Library,Low
5041,the group study room i booked for today at 3pm is occupied by a group that refuses to leave. can security come help?,Library,Medium
5986,I am trapped in the library elevator. The emergency call button is not ringing through to anyone.,Library,High
3790,window in dorm doesnt close properly,Student Housing,Medium
1894,The bursar's office has charged me $500 for a meal plan that i never signed up for. i need this corrected tonight at 5pm.,Finance Office,High
5061,i think i have a ghost in my dorm room... i hear weird noises at night and things move on their own. pls help.,Student Housing,Low
348,submitted application but no update after several days,Admissions,Medium
1431,"My graduating GPA is incorrect on my record, falling just below the honors threshold. Commencement is tomorrow.",Academic Office,High
2143,I would like to request a change of academic advisor. My current one has not responded to my emails for three weeks.,Academic Office,Medium
4349,i'm tryin to figure out how to get a student discount for the local cinema. do i need a card?,Admissions,Low
4999,URGENT!!!! I think I saw a squirrel in the library rafters and it looked like it was judging me!! PLEASE SEND SECURITY TO REMOVE IT ASAP!!!!,Library,Low
672,certificate shows incorrect minor details,Administration,Medium
2317,idk how to find my student id number. i need it to log into the housing portal for my room selection next week.,Administration,Low
5114,I'm a bit confused about the requirements for the study abroad program in London for next fall. Do I need to apply now?,Admissions,Low
6461,"Tuition refund request stuck, portal error.",Finance Office,High
306,i lost my id and i need to get into the building for my classes.,Administration,Medium
2400,i want to know the hours of the library during finals week. are they open 24 hours starting today?,Library,Low
2730,any late fees for tuition?,Finance Office,Low
5955,i want to know if there are any student jobs available in the admissions office for the next semester. i'm a good public speaker and like tours.,Admissions,Low
2612,My screen is frozen during a lockdown browser exam. I have 15 minutes left and I'm on question 40.,IT Support,High
8642,I'm having trouble with the online portal for my student transcript order status account.,Academic Office,Low
3010,The printer in the library keeps jamming and it has already eaten 50 cents of my credit without printing anything.,Library,Medium
2625,can u tell me if the library has any copies of the odyssey for my class tomorrow?,Library,Medium
8171,How do I apply for a tuition refund if I overpaid?,Finance Office,Medium
5724,I received a notice that my scholarship has been permanently cancelled due to a GPA error in your system. I need this fixed today.,Finance Office,High
6241,the main entry gate to the student housing complex is stuck closed. an ambulance is trying to get in for a student.,Student Housing,High
7297,I am having trouble logging into the housing portal to select my room for next year.,Student Housing,Medium
5879,how do i pay my library fine for 2 dollars? i want to clear my account before next week's checkouts.,Finance Office,Low
7487,I noticed that the library search engine is very slow today. It is taking several minutes to return any results.,Library,Medium
2799,application decision timeline unclear,Admissions,Medium
3487,I'm having trouble with the library's online portal for access to local archives.,Library,Low
765,How do I apply for the university's award for excellence in student leadership?,Administration,Low
1052,can u tell me if the library has any books on 'the history of jazz' for my music class tomorrow morning?,Library,Medium
1239,I need help with my application for a student scholarship for students in the social sciences.,Finance Office,Low
776,I NEED TO CHANGE MY MAJOR TO ART HISTORY RIGHT THIS SECOND OR I AM GOING TO CRY!!!!!!!!!! HELP ME!!!!!!!,Academic Office,Low
878,locked outside dorm room late night no help available,Student Housing,High
4517,I'm having trouble with the online portal for my student server hosting request account.,IT Support,Medium
7435,minor typo in certificate document,Administration,Medium
3244,"cannot submit grades, portal crashes repeatedly today",Academic Office,High
7163,library info on borrowing limits,Library,Low
116,i lost my student id card and i need it to get into the building. can i get a replacement today?,Administration,Low
7342,i am having a severe allergic reaction to something in my dorm room. i need an emergency cleaning or a room move immediately.,Student Housing,High
516,how do i request a replacement for my student id card if it's just cracked but still works for the library?,Administration,Low
3599,My international student visa i-20 was issued with an incorrect birth date. My embassy interview is tomorrow morning. I need a correction.,Admissions,High
725,The water heater in the dorm is completely broken. We haven't had hot water for two days now.,Student Housing,High
1107,I was overcharged for my housing deposit and I need that money back to pay for my textbooks this week.,Finance Office,Medium
3319,"I am writing to report that the tuition fee waiver for my graduate assistantship is not reflecting on my account, and the payment deadline is in three hours. Failure to resolve this will result in a $200 late fee.",Finance Office,High
2931,i want to apply for the summer internship credit but idk where the form is on the website. can u link it?,Academic Office,Medium
2041,My student health insurance is not showing as active at the pharmacy and I need my medication today.,Administration,High
3745,i'm having trouble with the university's vpn on my windows laptop; it keeps saying 'connection failed'.,IT Support,Medium
3507,i lost my wallet in the library and it has my student id and all my cash. has anyone turned it in??,Library,Medium
7577,"My financial aid package was just reduced by $3,000 without explanation. I can no longer afford to pay my rent for the upcoming month.",Finance Office,High
2638,dorm key card reader responds slowly,Student Housing,Medium
5598,I need help with my application for a student scholarship for students in mathematics.,Finance Office,Low
5952,I would like to know if the library has any archival footage of the 1965 football championship.,Library,Low
3399,the lock on my dorm door is jammed and i am currently trapped inside. i have an in-person final starting in twenty minutes.,Student Housing,High
5138,I need help with my application for a student grant for research in the social and behavioral sciences.,Academic Office,Low
4342,The washing machine in room 102 smells like burnt rubber whenever it spins. I stopped it halfway through.,Student Housing,Medium
7853,I am an international student and my visa documentation is missing a required signature from the university. I have a visa interview today.,Admissions,High
6153,The database access for IEEE Xplore is saying 'Access Denied' even though I am logged in with my university credentials.,Library,Medium
111,My scholarship was canceled without notice and I cannot afford the remaining tuition due in two days.,Finance Office,High
5977,I am having trouble connecting my phone to the university's wifi. It's giving me a 'could not connect to network' error message.,IT Support,Medium
2361,"I am unable to see my class schedule for next semester, and registration starts in two hours.",Academic Office,High
8618,how do i change my major from accounting to marketing? i'm only a freshman so i have plenty of time to figure it out.,Academic Office,Low
918,There is a massive leak in the student housing bathroom and the water is dripping into the floor below.,Student Housing,High
6918,hey can u tell me if the library has any copies of the book 'the odyssey' for my class tomorrow morning at 8am? i need it for the quiz.,Library,Medium
5015,I'm having trouble with the air conditioning in the dorm. It's very hot and making it difficult to sleep.,Student Housing,Medium
8004,"My application to the medical program is missing the clinical hour verification form, which is due in three hours. The portal is glitching.",Admissions,High
2484,how to reset portal password?,IT Support,Low
460,how do i request an official transcript to be sent to another university for my transfer application?,Academic Office,Low
3917,I noticed that the light in my dorm room is flickering. It's making it very hard to concentrate.,Student Housing,Low
6869,the wifi in the cafeteria is so slow that I can't even load my student meal card QR code. it takes 5 mins.,IT Support,Medium
6912,I AM SO SCARED!! THE ADMISSIONS STATUS PAGE IS GIVING A 404 ERROR AND I'M WAITING ON MY DECISION TODAY!! HELP ME!!,Admissions,Medium
2203,i paid my application fee but i haven't received a confirmation email. it's been two days.,Admissions,Medium
233,I'm looking for a copy of the book 'Digital Image Processing' but it's currently checked out. Is there a way to request it?,Library,Low
4474,I have an interview today and I can't get my suit out of the laundry room because the door is jammed. It's in 30 minutes!!,Student Housing,High
6817,URGENT PLEASE!! My student email is full and i can't delete enough emails to receive new ones. I NEED THIS FIXED!!,IT Support,Medium
271,The power is out in my dorm room and I need to study for a test tomorrow.,Student Housing,High
1254,exam schedule inquiry,Academic Office,Medium
7235,idk how to check the hours for the student gym. is that handled by housing or admin?,Administration,Low
